Anchor;A;B;Label;data/embeddings/class2aikg_TransE.pickle_prediction;data/embeddings/class2aikg_TransE.pickle_similarity;data/embeddings/word2Vec_name.pickle_prediction;data/embeddings/word2Vec_name.pickle_similarity;data/embeddings/class2aikg_TransR.pickle_prediction;data/embeddings/class2aikg_TransR.pickle_similarity;data/embeddings/word2Vec_wikipedia.pickle_prediction;data/embeddings/word2Vec_wikipedia.pickle_similarity
cs.AI;cs.CL;cs.CG;1;0;(0.20662834, 0.39228788);1;(0.26038218, 0.25677592);0;(0.07416525, 0.086392075);0;(0.82846546, 0.86043435)
cs.AI;cs.CL;cs.CR;1;0;(0.20662834, 0.49013638);1;(0.26038218, 0.24703722);0;(0.07416525, 0.19056804);0;(0.82846546, 0.8536978)
cs.AI;cs.CL;cs.MM;1;0;(0.20662834, 0.524289);1;(0.26038218, 0.04211535);1;(0.07416525, 0.052062925);1;(0.82846546, 0.7760002)
cs.AI;cs.CL;cs.NA;1;0;(0.20662834, 0.52323735);0;(0.26038218, 0.3548546);1;(0.07416525, 0.064380616);0;(0.82846546, 0.89094716)
cs.AI;cs.CL;cs.SD;1;1;(0.20662834, 0.1887416);1;(0.26038218, 0.13147144);1;(0.07416525, 0.008949969);1;(0.82846546, 0.7753912)
cs.AI;cs.CL;cs.SY;1;1;(0.20662834, -0.00838431);1;(0.26038218, 0.23812471);1;(0.07416525, 0.02231168);1;(0.82846546, 0.7985961)
cs.AI;cs.CG;cs.CC;0;0;(0.39228788, 0.42108834);0;(0.25677592, 0.2853652);0;(0.086392075, 0.3599759);0;(0.86043435, 0.8979361)
cs.AI;cs.CG;cs.SC;0;0;(0.39228788, 0.5357828);0;(0.25677592, 0.25875366);1;(0.086392075, 0.0671202);0;(0.86043435, 0.89219046)
cs.AI;cs.CV;cs.SC;1;1;(0.76341087, 0.5357828);1;(0.2931556, 0.25875366);1;(0.597426, 0.0671202);1;(0.8942467, 0.89219046)
cs.AI;cs.DL;cs.CG;0;0;(0.2905686, 0.39228788);0;(0.12684262, 0.25677592);1;(0.18442926, 0.086392075);0;(0.7491765, 0.86043435)
cs.AI;cs.DL;cs.IR;0;0;(0.2905686, 0.7596762);0;(0.12684262, 0.25783116);0;(0.18442926, 0.7460123);0;(0.7491765, 0.7774163)
cs.AI;cs.DM;cs.GR;1;1;(0.147844, -0.0826966);1;(0.24685596, 0.13069782);1;(0.097497985, -0.09536515);1;(0.9095541, 0.8204332)
cs.AI;cs.DM;cs.LO;0;0;(0.147844, 0.50454557);0;(0.24685596, 0.385322);1;(0.097497985, 0.08300773);1;(0.9095541, 0.88285094)
cs.AI;cs.DM;cs.SC;0;0;(0.147844, 0.5357828);0;(0.24685596, 0.25875366);1;(0.097497985, 0.0671202);1;(0.9095541, 0.89219046)
cs.AI;cs.FL;cs.MM;1;0;(0.44409174, 0.524289);1;(0.30679378, 0.04211535);1;(0.1545616, 0.052062925);1;(0.85612, 0.7760002)
cs.AI;cs.FL;cs.SY;1;1;(0.44409174, -0.00838431);1;(0.30679378, 0.23812471);1;(0.1545616, 0.02231168);1;(0.85612, 0.7985961)
cs.AI;cs.AR;cs.LO;0;0;(0.47626826, 0.50454557);0;(0.23545857, 0.385322);0;(0.059864167, 0.08300773);0;(0.7726691, 0.88285094)
cs.AI;cs.AR;cs.SE;0;0;(0.47626826, 0.8004406);1;(0.23545857, 0.23533916);0;(0.059864167, 0.29745236);1;(0.7726691, 0.6485918)
cs.AI;cs.AR;cs.SC;0;0;(0.47626826, 0.5357828);0;(0.23545857, 0.25875366);0;(0.059864167, 0.0671202);0;(0.7726691, 0.89219046)
cs.AI;cs.HC;cs.CV;0;0;(0.71967614, 0.76341087);1;(0.3651414, 0.2931556);0;(0.37576106, 0.597426);1;(0.9157106, 0.8942467)
cs.AI;cs.HC;cs.LO;0;1;(0.71967614, 0.50454557);0;(0.3651414, 0.385322);1;(0.37576106, 0.08300773);1;(0.9157106, 0.88285094)
cs.AI;cs.IR;cs.NI;1;1;(0.7596762, 0.21725604);1;(0.25783116, 0.17788526);1;(0.7460123, 0.0007043183);0;(0.7774163, 0.797224)
cs.AI;cs.IT;cs.CR;1;0;(0.46675277, 0.49013638);1;(0.3001634, 0.24703722);0;(0.15564007, 0.19056804);1;(0.8863089, 0.8536978)
cs.AI;cs.IT;cs.GR;1;1;(0.46675277, -0.0826966);1;(0.3001634, 0.13069782);1;(0.15564007, -0.09536515);1;(0.8863089, 0.8204332)
cs.AI;cs.IT;cs.MM;1;0;(0.46675277, 0.524289);1;(0.3001634, 0.04211535);1;(0.15564007, 0.052062925);1;(0.8863089, 0.7760002)
cs.AI;cs.LO;cs.MS;1;1;(0.50454557, 0.3588971);1;(0.385322, 0.2853992);1;(0.08300773, 0.04593618);0;(0.88285094, 0.89978117)
cs.AI;cs.LO;cs.SY;1;1;(0.50454557, -0.00838431);1;(0.385322, 0.23812471);1;(0.08300773, 0.02231168);1;(0.88285094, 0.7985961)
cs.AI;cs.LG;cs.CC;1;1;(0.7938493, 0.42108834);0;(0.20382784, 0.2853652);1;(0.74840397, 0.3599759);0;(0.8894084, 0.8979361)
cs.AI;cs.LG;cs.IR;1;1;(0.7938493, 0.7596762);0;(0.20382784, 0.25783116);1;(0.74840397, 0.7460123);1;(0.8894084, 0.7774163)
cs.AI;cs.LG;cs.IT;1;1;(0.7938493, 0.46675277);0;(0.20382784, 0.3001634);1;(0.74840397, 0.15564007);1;(0.8894084, 0.8863089)
cs.AI;cs.LG;cs.MM;1;1;(0.7938493, 0.524289);1;(0.20382784, 0.04211535);1;(0.74840397, 0.052062925);1;(0.8894084, 0.7760002)
cs.AI;cs.MA;cs.CR;1;1;(0.5513885, 0.49013638);0;(0.22222304, 0.24703722);0;(0.12769067, 0.19056804);1;(0.8978023, 0.8536978)
cs.AI;cs.MA;cs.GR;1;1;(0.5513885, -0.0826966);1;(0.22222304, 0.13069782);1;(0.12769067, -0.09536515);1;(0.8978023, 0.8204332)
cs.AI;cs.MA;cs.SE;1;0;(0.5513885, 0.8004406);0;(0.22222304, 0.23533916);0;(0.12769067, 0.29745236);1;(0.8978023, 0.6485918)
cs.AI;cs.NA;cs.SC;0;0;(0.52323735, 0.5357828);1;(0.3548546, 0.25875366);0;(0.064380616, 0.0671202);0;(0.89094716, 0.89219046)
cs.AI;cs.OS;cs.GT;0;0;(0.37759858, 0.59439135);0;(0.23613085, 0.29881242);0;(0.13510828, 0.22507246);0;(0.8216965, 0.89643794)
cs.AI;cs.OS;cs.FL;0;0;(0.37759858, 0.44409174);0;(0.23613085, 0.30679378);0;(0.13510828, 0.1545616);0;(0.8216965, 0.85612)
cs.AI;cs.OS;cs.LO;0;0;(0.37759858, 0.50454557);0;(0.23613085, 0.385322);1;(0.13510828, 0.08300773);0;(0.8216965, 0.88285094)
cs.AI;cs.PL;cs.CV;0;0;(0.5111935, 0.76341087);0;(0.12782775, 0.2931556);1;(0.61239445, 0.597426);0;(0.88890576, 0.8942467)
cs.AI;cs.PL;cs.IT;0;1;(0.5111935, 0.46675277);0;(0.12782775, 0.3001634);1;(0.61239445, 0.15564007);1;(0.88890576, 0.8863089)
cs.AI;cs.RO;cs.OS;1;1;(0.84903526, 0.37759858);0;(0.19320129, 0.23613085);1;(0.4018371, 0.13510828);1;(0.9042443, 0.8216965)
cs.AI;cs.SE;cs.SC;0;1;(0.8004406, 0.5357828);0;(0.23533916, 0.25875366);1;(0.29745236, 0.0671202);0;(0.6485918, 0.89219046)
cs.CL;cs.CR;cs.AI;0;1;(0.2858432, 0.20662834);0;(0.25952232, 0.26038218);1;(0.089219004, 0.07416525);0;(0.72687584, 0.82846546)
cs.CL;cs.DB;cs.PL;0;0;(0.20542464, 0.33857828);0;(0.29984576, 0.5061445);1;(0.020353839, -0.005013901);0;(0.74627143, 0.78573936)
cs.CL;cs.DL;cs.LG;0;0;(0.14975622, 0.18147272);0;(0.27696553, 0.29199705);0;(-0.005418455, 0.039251044);0;(0.68824047, 0.7921646)
cs.CL;cs.DM;cs.IT;0;0;(-0.36827683, 0.33569974);1;(0.51964384, 0.29382002);1;(0.0032458268, -0.031193612);0;(0.78289425, 0.8110278)
cs.CL;cs.DM;cs.LG;0;0;(-0.36827683, 0.18147272);1;(0.51964384, 0.29199705);0;(0.0032458268, 0.039251044);0;(0.78289425, 0.7921646)
cs.CL;cs.FL;cs.CG;1;0;(0.08093849, 0.14283374);1;(0.4975226, 0.46327636);1;(0.08132113, 0.019236015);1;(0.82919574, 0.7673091)
cs.CL;cs.FL;cs.SC;1;1;(0.08093849, -0.05009733);0;(0.4975226, 0.68974936);1;(0.08132113, -0.029975433);1;(0.82919574, 0.808285)
cs.CL;cs.FL;cs.SY;1;1;(0.08093849, -0.32826108);1;(0.4975226, 0.20237061);1;(0.08132113, -0.021484759);1;(0.82919574, 0.66791534)
cs.CL;cs.GR;cs.GT;0;1;(0.31008905, 0.24961343);0;(0.29237244, 0.38894147);1;(0.016273702, -0.01860507);1;(0.75819623, 0.7036953)
cs.CL;cs.GR;cs.LO;0;1;(0.31008905, 0.15497884);0;(0.29237244, 0.4792542);1;(0.016273702, -0.041279104);1;(0.75819623, 0.73938406)
cs.CL;cs.AR;cs.CV;0;1;(0.39794296, 0.08457447);0;(0.31352156, 0.34519786);0;(-0.012884821, 0.011677746);0;(0.74160194, 0.8109627)
cs.CL;cs.AR;cs.LO;0;1;(0.39794296, 0.15497884);0;(0.31352156, 0.4792542);1;(-0.012884821, -0.041279104);1;(0.74160194, 0.73938406)
cs.CL;cs.AR;cs.SC;0;1;(0.39794296, -0.05009733);0;(0.31352156, 0.68974936);1;(-0.012884821, -0.029975433);0;(0.74160194, 0.808285)
cs.CL;cs.HC;cs.AI;0;0;(0.0407779, 0.20662834);1;(0.36684933, 0.26038218);0;(0.0059861653, 0.07416525);0;(0.7893597, 0.82846546)
cs.CL;cs.HC;cs.SY;1;1;(0.0407779, -0.32826108);1;(0.36684933, 0.20237061);1;(0.0059861653, -0.021484759);1;(0.7893597, 0.66791534)
cs.CL;cs.IR;cs.NI;1;0;(0.17458656, 0.21458635);0;(0.28835702, 0.29343718);0;(0.02872258, 0.04786701);1;(0.7199878, 0.70897293)
cs.CL;cs.LO;cs.SY;1;1;(0.15497884, -0.32826108);1;(0.4792542, 0.20237061);0;(-0.041279104, -0.021484759);1;(0.73938406, 0.66791534)
cs.CL;cs.LG;cs.GT;1;0;(0.18147272, 0.24961343);0;(0.29199705, 0.38894147);1;(0.039251044, -0.01860507);1;(0.7921646, 0.7036953)
cs.CL;cs.LG;cs.MS;1;0;(0.18147272, 0.36502784);0;(0.29199705, 0.49575156);1;(0.039251044, -0.01744361);1;(0.7921646, 0.75772315)
cs.CL;cs.LG;cs.MM;1;1;(0.18147272, 0.015563264);1;(0.29199705, 0.22908428);1;(0.039251044, -0.090214);1;(0.7921646, 0.6961636)
cs.CL;cs.LG;cs.NI;1;0;(0.18147272, 0.21458635);0;(0.29199705, 0.29343718);0;(0.039251044, 0.04786701);1;(0.7921646, 0.70897293)
cs.CL;cs.MA;cs.IT;0;0;(0.20047204, 0.33569974);0;(0.22696583, 0.29382002);1;(0.031464364, -0.031193612);0;(0.7532567, 0.8110278)
cs.CL;cs.MA;cs.MS;1;0;(0.20047204, 0.36502784);0;(0.22696583, 0.49575156);1;(0.031464364, -0.01744361);0;(0.7532567, 0.75772315)
cs.CL;cs.MM;cs.CV;0;0;(0.015563264, 0.08457447);0;(0.22908428, 0.34519786);0;(-0.090214, 0.011677746);0;(0.6961636, 0.8109627)
cs.CL;cs.MM;cs.IR;0;0;(0.015563264, 0.17458656);0;(0.22908428, 0.28835702);0;(-0.090214, 0.02872258);0;(0.6961636, 0.7199878)
cs.CL;cs.OS;cs.AI;0;1;(0.35097176, 0.20662834);0;(0.24282278, 0.26038218);0;(-0.100592114, 0.07416525);0;(0.6908008, 0.82846546)
cs.CL;cs.OS;cs.IR;0;1;(0.35097176, 0.17458656);0;(0.24282278, 0.28835702);0;(-0.100592114, 0.02872258);0;(0.6908008, 0.7199878)
cs.CL;cs.PL;cs.FL;0;1;(0.33857828, 0.08093849);1;(0.5061445, 0.4975226);0;(-0.005013901, 0.08132113);0;(0.78573936, 0.82919574)
cs.CL;cs.RO;cs.AI;0;0;(0.13276023, 0.20662834);0;(0.1930177, 0.26038218);0;(0.0130601525, 0.07416525);0;(0.77017856, 0.82846546)
cs.CL;cs.RO;cs.LG;0;0;(0.13276023, 0.18147272);0;(0.1930177, 0.29199705);0;(0.0130601525, 0.039251044);0;(0.77017856, 0.7921646)
cs.CL;cs.SE;cs.AI;0;0;(0.20031539, 0.20662834);1;(0.3093746, 0.26038218);0;(0.059272338, 0.07416525);0;(0.6498594, 0.82846546)
cs.CL;cs.SE;cs.CV;0;1;(0.20031539, 0.08457447);0;(0.3093746, 0.34519786);1;(0.059272338, 0.011677746);0;(0.6498594, 0.8109627)
cs.CL;cs.SD;cs.FL;0;0;(-0.18525004, 0.08093849);0;(0.14682658, 0.4975226);0;(0.042924438, 0.08132113);0;(0.71966046, 0.82919574)
cs.CL;cs.SD;cs.IR;0;0;(-0.18525004, 0.17458656);0;(0.14682658, 0.28835702);1;(0.042924438, 0.02872258);0;(0.71966046, 0.7199878)
cs.CL;cs.SY;cs.SC;0;0;(-0.32826108, -0.05009733);0;(0.20237061, 0.68974936);1;(-0.021484759, -0.029975433);0;(0.66791534, 0.808285)
cs.CC;cs.CG;cs.GR;1;1;(0.28886914, -0.072099745);1;(0.7730239, 0.36796674);1;(0.03785265, -0.001794751);1;(0.88766557, 0.78256106)
cs.CC;cs.CR;cs.CV;1;0;(0.24213684, 0.4471414);1;(0.36808598, 0.27533415);0;(0.1921636, 0.3964215);0;(0.7866354, 0.8547792)
cs.CC;cs.CR;cs.SY;1;1;(0.24213684, 0.009010065);1;(0.36808598, 0.29229936);1;(0.1921636, 0.044487797);1;(0.7866354, 0.7854487)
cs.CC;cs.DL;cs.AI;0;0;(-0.00766265, 0.42108834);1;(0.28872246, 0.2853652);0;(0.26173663, 0.3599759);0;(0.70690066, 0.8979361)
cs.CC;cs.DL;cs.CG;0;0;(-0.00766265, 0.28886914);0;(0.28872246, 0.7730239);1;(0.26173663, 0.03785265);0;(0.70690066, 0.88766557)
cs.CC;cs.DL;cs.IR;0;0;(-0.00766265, 0.32544386);1;(0.28872246, 0.2709152);0;(0.26173663, 0.42229044);0;(0.70690066, 0.7573851)
cs.CC;cs.DL;cs.NA;0;0;(-0.00766265, 0.33849373);0;(0.28872246, 0.3919378);1;(0.26173663, 0.045571946);0;(0.70690066, 0.8935492)
cs.CC;cs.DM;cs.SD;1;0;(-0.044272304, 0.041250836);1;(0.4679062, 0.1275549);1;(0.06800434, 0.01330453);1;(0.87473077, 0.76030374)
cs.CC;cs.GR;cs.GT;0;0;(-0.072099745, 0.3647612);0;(0.36796674, 0.39380452);0;(-0.001794751, 0.045116298);0;(0.78256106, 0.8402893)
cs.CC;cs.AR;cs.DM;0;1;(0.42769516, -0.044272304);0;(0.4590522, 0.4679062);0;(0.03430804, 0.06800434);0;(0.7710127, 0.87473077)
cs.CC;cs.HC;cs.NA;0;0;(0.32932025, 0.33849373);1;(0.4305951, 0.3919378);1;(0.22573821, 0.045571946);0;(0.8590036, 0.8935492)
cs.CC;cs.LG;cs.SD;1;1;(0.45630276, 0.041250836);1;(0.2714935, 0.1275549);1;(0.37624335, 0.01330453);1;(0.88134193, 0.76030374)
cs.CC;cs.MS;cs.NA;0;0;(0.20029151, 0.33849373);1;(0.58178127, 0.3919378);0;(0.02343171, 0.045571946);1;(0.9147194, 0.8935492)
cs.CC;cs.MM;cs.IR;0;0;(0.19876647, 0.32544386);0;(0.25236198, 0.2709152);0;(0.08633934, 0.42229044);0;(0.70480156, 0.7573851)
cs.CC;cs.SD;cs.LO;0;0;(0.041250836, 0.23067617);0;(0.1275549, 0.45865604);0;(0.01330453, 0.06530999);0;(0.76030374, 0.8566375)
cs.CC;cs.SD;cs.SC;0;0;(0.041250836, 0.31478867);0;(0.1275549, 0.40916044);0;(0.01330453, 0.03259291);0;(0.76030374, 0.89761895)
cs.CC;cs.SY;cs.SC;0;0;(0.009010065, 0.31478867);0;(0.29229936, 0.40916044);1;(0.044487797, 0.03259291);0;(0.7854487, 0.89761895)
cs.CG;cs.CC;cs.GT;1;0;(0.28886914, 0.29396534);1;(0.7730239, 0.49423295);1;(0.03785265, -0.12994732);1;(0.88766557, 0.8109218)
cs.CG;cs.GT;cs.NI;1;1;(0.29396534, 0.14791313);1;(0.49423295, 0.31053367);0;(-0.12994732, -0.0798078);1;(0.8109218, 0.7573099)
cs.CG;cs.GT;cs.NA;0;0;(0.29396534, 0.4163555);1;(0.49423295, 0.41454962);0;(-0.12994732, 0.016244553);0;(0.8109218, 0.90379727)
cs.CG;cs.CV;cs.NA;0;0;(0.2678672, 0.4163555);0;(0.30702716, 0.41454962);1;(0.049016237, 0.016244553);0;(0.87840325, 0.90379727)
cs.CG;cs.CR;cs.CC;0;0;(0.26296481, 0.28886914);0;(0.35097945, 0.7730239);0;(-0.015935399, 0.03785265);0;(0.75304717, 0.88766557)
cs.CG;cs.DB;cs.DM;0;1;(0.35602486, 0.11150239);0;(0.2988741, 0.58104765);1;(0.03632576, -0.027740646);0;(0.782429, 0.879402)
cs.CG;cs.DL;cs.CL;0;1;(0.17958665, 0.14283374);0;(0.27221167, 0.46327636);0;(-0.057238273, 0.019236015);0;(0.70961237, 0.7673091)
cs.CG;cs.DL;cs.CV;0;0;(0.17958665, 0.2678672);0;(0.27221167, 0.30702716);0;(-0.057238273, 0.049016237);0;(0.70961237, 0.87840325)
cs.CG;cs.DL;cs.DM;0;1;(0.17958665, 0.11150239);0;(0.27221167, 0.58104765);0;(-0.057238273, -0.027740646);0;(0.70961237, 0.879402)
cs.CG;cs.DL;cs.IT;0;0;(0.17958665, 0.35988742);0;(0.27221167, 0.2972252);1;(-0.057238273, -0.12003665);0;(0.70961237, 0.88807404)
cs.CG;cs.DL;cs.MS;0;0;(0.17958665, 0.1989156);0;(0.27221167, 0.6250619);0;(-0.057238273, -0.012001809);0;(0.70961237, 0.8723627)
cs.CG;cs.DM;cs.AI;1;0;(0.11150239, 0.39228788);1;(0.58104765, 0.25677592);0;(-0.027740646, 0.086392075);1;(0.879402, 0.86043435)
cs.CG;cs.DM;cs.CV;1;0;(0.11150239, 0.2678672);1;(0.58104765, 0.30702716);0;(-0.027740646, 0.049016237);1;(0.879402, 0.87840325)
cs.CG;cs.DM;cs.SY;1;1;(0.11150239, 0.009900976);1;(0.58104765, 0.25137565);1;(-0.027740646, -0.078828424);1;(0.879402, 0.76614213)
cs.CG;cs.DC;cs.AI;0;0;(0.17153807, 0.39228788);1;(0.51203215, 0.25677592);0;(0.04675762, 0.086392075);0;(0.79734296, 0.86043435)
cs.CG;cs.FL;cs.IT;0;0;(0.2955476, 0.35988742);1;(0.38784835, 0.2972252);1;(0.17772184, -0.12003665);0;(0.80420417, 0.88807404)
cs.CG;cs.AR;cs.DM;0;1;(0.21343818, 0.11150239);0;(0.48717803, 0.58104765);1;(-0.0028331913, -0.027740646);0;(0.83436483, 0.879402)
cs.CG;cs.LG;cs.MS;0;1;(0.4335945, 0.1989156);0;(0.3322465, 0.6250619);1;(0.06243214, -0.012001809);0;(0.8651275, 0.8723627)
cs.CG;cs.MS;cs.SC;1;1;(0.1989156, 0.13739185);1;(0.6250619, 0.43108818);0;(-0.012001809, 0.083425745);0;(0.8723627, 0.9147445)
cs.CG;cs.MM;cs.CV;0;0;(0.1581825, 0.2678672);0;(0.23490338, 0.30702716);1;(0.050981194, 0.049016237);0;(0.72763467, 0.87840325)
cs.CG;cs.MM;cs.NA;0;0;(0.1581825, 0.4163555);0;(0.23490338, 0.41454962);1;(0.050981194, 0.016244553);0;(0.72763467, 0.90379727)
cs.CG;cs.MM;cs.SC;0;1;(0.1581825, 0.13739185);0;(0.23490338, 0.43108818);0;(0.050981194, 0.083425745);0;(0.72763467, 0.9147445)
cs.CG;cs.NI;cs.SC;0;1;(0.14791313, 0.13739185);0;(0.31053367, 0.43108818);0;(-0.0798078, 0.083425745);0;(0.7573099, 0.9147445)
cs.CG;cs.NA;cs.AI;1;1;(0.4163555, 0.39228788);1;(0.41454962, 0.25677592);0;(0.016244553, 0.086392075);1;(0.90379727, 0.86043435)
cs.CG;cs.OS;cs.CV;0;1;(0.29055482, 0.2678672);0;(0.2652972, 0.30702716);1;(0.07960331, 0.049016237);0;(0.7743629, 0.87840325)
cs.CG;cs.OS;cs.MS;0;1;(0.29055482, 0.1989156);0;(0.2652972, 0.6250619);1;(0.07960331, -0.012001809);0;(0.7743629, 0.8723627)
cs.CG;cs.PL;cs.AI;0;0;(0.2854975, 0.39228788);1;(0.2622341, 0.25677592);0;(0.084980614, 0.086392075);0;(0.8032761, 0.86043435)
cs.CG;cs.SE;cs.SC;0;1;(0.381055, 0.13739185);1;(0.47510192, 0.43108818);1;(0.1261667, 0.083425745);0;(0.7163867, 0.9147445)
cs.CG;cs.SD;cs.NA;0;0;(0.20946321, 0.4163555);0;(0.13798401, 0.41454962);1;(0.07398553, 0.016244553);0;(0.78544325, 0.90379727)
cs.CG;cs.SY;cs.CC;0;0;(0.009900976, 0.28886914);0;(0.25137565, 0.7730239);0;(-0.078828424, 0.03785265);0;(0.76614213, 0.88766557)
cs.CG;cs.SY;cs.MS;0;0;(0.009900976, 0.1989156);0;(0.25137565, 0.6250619);0;(-0.078828424, -0.012001809);0;(0.76614213, 0.8723627)
cs.GT;cs.CC;cs.NA;1;1;(0.3647612, 0.28046864);1;(0.39380452, 0.33873054);1;(0.045116298, -0.057490923);0;(0.8402893, 0.8784031)
cs.GT;cs.DM;cs.IT;0;0;(0.023727447, 0.49748975);0;(0.4878169, 0.59291273);0;(0.048533123, 0.1515309);1;(0.8807936, 0.8567597)
cs.GT;cs.DM;cs.SD;1;0;(0.023727447, 0.09777581);1;(0.4878169, 0.24957126);0;(0.048533123, 0.07902823);1;(0.8807936, 0.73272455)
cs.GT;cs.AR;cs.SC;0;0;(0.38040465, 0.40001425);1;(0.3907961, 0.30747172);1;(0.1722763, 0.016203407);0;(0.7219384, 0.8461292)
cs.GT;cs.IT;cs.IR;1;1;(0.49748975, 0.48122573);1;(0.59291273, 0.22745414);1;(0.1515309, 0.1471145);1;(0.8567597, 0.6821423)
cs.GT;cs.SE;cs.NI;1;1;(0.59114265, 0.29669112);1;(0.47155717, 0.38253275);1;(0.09919913, -0.08143104);0;(0.6052197, 0.6935004)
cs.CV;cs.CL;cs.SD;1;1;(0.08457447, 0.07886313);1;(0.34519786, 0.26431537);1;(0.011677746, -0.021476377);0;(0.8109627, 0.82173353)
cs.CV;cs.GT;cs.AI;0;0;(0.35694325, 0.76341087);1;(0.4883008, 0.2931556);0;(0.09671758, 0.597426);0;(0.81114453, 0.8942467)
cs.CV;cs.DB;cs.FL;0;1;(0.5694548, 0.2077634);0;(0.2700562, 0.36706802);1;(0.52868265, -0.014301291);1;(0.83221316, 0.78976595)
cs.CV;cs.DM;cs.DC;0;0;(0.08216718, 0.474742);0;(0.33498666, 0.36448064);0;(-0.011562737, 0.08620541);1;(0.8503792, 0.82335013)
cs.CV;cs.DC;cs.CL;0;1;(0.474742, 0.08457447);1;(0.36448064, 0.34519786);1;(0.08620541, 0.011677746);1;(0.82335013, 0.8109627)
cs.CV;cs.DC;cs.MM;0;0;(0.474742, 0.531366);1;(0.36448064, 0.17736827);1;(0.08620541, 0.004961269);1;(0.82335013, 0.8157206)
cs.CV;cs.GR;cs.AI;0;0;(-0.19203123, 0.76341087);0;(0.28554732, 0.2931556);0;(-0.028771272, 0.597426);1;(0.89762765, 0.8942467)
cs.CV;cs.AR;cs.CL;0;1;(0.40953535, 0.08457447);1;(0.3549351, 0.34519786);1;(0.078291744, 0.011677746);1;(0.8141746, 0.8109627)
cs.CV;cs.AR;cs.IR;0;0;(0.40953535, 0.61046326);1;(0.3549351, 0.2477341);0;(0.078291744, 0.5544392);0;(0.8141746, 0.8280276)
cs.CV;cs.HC;cs.MS;1;1;(0.82895577, 0.2492404);1;(0.4800321, 0.38625598);1;(0.48014033, 0.09574471);1;(0.87083125, 0.86226827)
cs.CV;cs.LG;cs.CC;1;1;(0.60001624, 0.4471414);1;(0.38670522, 0.27533415);1;(0.58980215, 0.3964215);1;(0.9004107, 0.8547792)
cs.CV;cs.LG;cs.SE;1;1;(0.60001624, 0.57869565);1;(0.38670522, 0.32092908);1;(0.58980215, 0.3531121);1;(0.9004107, 0.6619974)
cs.CV;cs.MA;cs.FL;0;1;(0.34731793, 0.2077634);0;(0.306507, 0.36706802);1;(0.24754524, -0.014301291);1;(0.84165037, 0.78976595)
cs.CV;cs.MA;cs.RO;0;0;(0.34731793, 0.8514369);1;(0.306507, 0.27212876);0;(0.24754524, 0.2681932);0;(0.84165037, 0.8509776)
cs.CV;cs.MM;cs.AI;0;0;(0.531366, 0.76341087);0;(0.17736827, 0.2931556);0;(0.004961269, 0.597426);0;(0.8157206, 0.8942467)
cs.CV;cs.RO;cs.GR;0;1;(0.8514369, -0.19203123);0;(0.27212876, 0.28554732);1;(0.2681932, -0.028771272);0;(0.8509776, 0.89762765)
cs.CV;cs.RO;cs.IT;0;1;(0.8514369, 0.31143665);0;(0.27212876, 0.3508199);0;(0.2681932, 0.30442685);0;(0.8509776, 0.89967585)
cs.CV;cs.SE;cs.AI;0;0;(0.57869565, 0.76341087);1;(0.32092908, 0.2931556);0;(0.3531121, 0.597426);0;(0.6619974, 0.8942467)
cs.CV;cs.SY;cs.IR;0;0;(0.08871703, 0.61046326);1;(0.3313873, 0.2477341);0;(0.082808, 0.5544392);0;(0.79228276, 0.8280276)
cs.CR;cs.CL;cs.SY;0;1;(0.2858432, -0.04251163);0;(0.25952232, 0.31571406);1;(0.089219004, -0.025536817);0;(0.72687584, 0.76939243)
cs.CR;cs.DB;cs.GR;1;1;(0.45982665, -0.020202132);1;(0.31961593, 0.22054444);1;(0.18635875, -0.07748289);1;(0.7947835, 0.7941888)
cs.CR;cs.DL;cs.DM;0;1;(0.3015899, -0.034693718);0;(0.32369444, 0.34134164);1;(0.32752672, 0.07848892);1;(0.7951485, 0.790147)
cs.CR;cs.DL;cs.DC;0;0;(0.3015899, 0.399597);0;(0.32369444, 0.33879623);1;(0.32752672, 0.040821496);0;(0.7951485, 0.83478767)
cs.CR;cs.DL;cs.IT;0;1;(0.3015899, 0.22478224);1;(0.32369444, 0.29529154);1;(0.32752672, 0.15681264);0;(0.7951485, 0.82061386)
cs.CR;cs.DM;cs.GT;1;0;(-0.034693718, 0.44632107);0;(0.34134164, 0.35722405);0;(0.07848892, 0.16200909);1;(0.790147, 0.7537402)
cs.CR;cs.DM;cs.HC;1;0;(-0.034693718, 0.36673483);1;(0.34134164, 0.27697363);0;(0.07848892, 0.30014873);0;(0.790147, 0.820755)
cs.CR;cs.DC;cs.CC;1;1;(0.399597, 0.24213684);0;(0.33879623, 0.36808598);0;(0.040821496, 0.1921636);1;(0.83478767, 0.7866354)
cs.CR;cs.DC;cs.HC;1;1;(0.399597, 0.36673483);1;(0.33879623, 0.27697363);0;(0.040821496, 0.30014873);1;(0.83478767, 0.820755)
cs.CR;cs.HC;cs.CC;0;1;(0.36673483, 0.24213684);0;(0.27697363, 0.36808598);1;(0.30014873, 0.1921636);1;(0.820755, 0.7866354)
cs.CR;cs.IT;cs.CV;1;0;(0.22478224, 0.42160523);1;(0.29529154, 0.25561824);0;(0.15681264, 0.22257426);0;(0.82061386, 0.8232591)
cs.CR;cs.MS;cs.NA;0;0;(0.25061333, 0.31338698);1;(0.3932223, 0.16256991);0;(-0.00044950843, 0.09531292);1;(0.8104369, 0.76556975)
cs.CR;cs.MA;cs.DM;0;1;(0.40209997, -0.034693718);0;(0.32122734, 0.34134164);0;(0.006348565, 0.07848892);1;(0.8139348, 0.790147)
cs.CR;cs.MM;cs.AI;0;0;(0.36648262, 0.49013638);0;(0.12881026, 0.24703722);0;(-0.19914272, 0.19056804);0;(0.7927025, 0.8536978)
cs.CR;cs.MM;cs.CC;0;1;(0.36648262, 0.24213684);0;(0.12881026, 0.36808598);0;(-0.19914272, 0.1921636);1;(0.7927025, 0.7866354)
cs.CR;cs.MM;cs.MS;0;1;(0.36648262, 0.25061333);0;(0.12881026, 0.3932223);0;(-0.19914272, -0.00044950843);0;(0.7927025, 0.8104369)
cs.CR;cs.MM;cs.SC;0;1;(0.36648262, 0.27092043);0;(0.12881026, 0.2715861);0;(-0.19914272, 0.014779607);1;(0.7927025, 0.7893427)
cs.CR;cs.NI;cs.SC;1;0;(0.11956251, 0.27092043);1;(0.4521806, 0.2715861);0;(0.007961253, 0.014779607);1;(0.8779566, 0.7893427)
cs.CR;cs.OS;cs.LG;1;1;(0.45014936, 0.386974);1;(0.28817204, 0.13370405);1;(0.25620145, 0.16183577);1;(0.8789714, 0.8026014)
cs.CR;cs.OS;cs.MS;1;1;(0.45014936, 0.25061333);0;(0.28817204, 0.3932223);1;(0.25620145, -0.00044950843);1;(0.8789714, 0.8104369)
cs.CR;cs.PL;cs.OS;0;0;(0.4021562, 0.45014936);0;(0.18655895, 0.28817204);0;(0.061200846, 0.25620145);0;(0.8069044, 0.8789714)
cs.CR;cs.RO;cs.FL;0;1;(0.46958447, 0.3121367);0;(0.22004244, 0.23720402);1;(0.17367314, -0.08533288);1;(0.80437267, 0.7109853)
cs.CR;cs.RO;cs.SE;0;0;(0.46958447, 0.4967701);0;(0.22004244, 0.41404244);1;(0.17367314, -0.03959801);1;(0.80437267, 0.6628491)
cs.CR;cs.RO;cs.SC;0;1;(0.46958447, 0.27092043);0;(0.22004244, 0.2715861);1;(0.17367314, 0.014779607);1;(0.80437267, 0.7893427)
cs.CR;cs.SE;cs.IT;0;1;(0.4967701, 0.22478224);1;(0.41404244, 0.29529154);0;(-0.03959801, 0.15681264);0;(0.6628491, 0.82061386)
cs.CR;cs.SD;cs.CC;0;0;(0.07476294, 0.24213684);0;(0.11267182, 0.36808598);0;(0.031082809, 0.1921636);0;(0.69898355, 0.7866354)
cs.CR;cs.SD;cs.NA;0;0;(0.07476294, 0.31338698);0;(0.11267182, 0.16256991);0;(0.031082809, 0.09531292);0;(0.69898355, 0.76556975)
cs.CR;cs.SY;cs.AI;1;0;(-0.04251163, 0.49013638);1;(0.31571406, 0.24703722);0;(-0.025536817, 0.19056804);0;(0.76939243, 0.8536978)
cs.CR;cs.SY;cs.CC;1;0;(-0.04251163, 0.24213684);0;(0.31571406, 0.36808598);0;(-0.025536817, 0.1921636);0;(0.76939243, 0.7866354)
cs.CR;cs.SY;cs.IR;1;0;(-0.04251163, 0.31611964);1;(0.31571406, 0.28109702);0;(-0.025536817, 0.16039221);0;(0.76939243, 0.7861354)
cs.DB;cs.CL;cs.IR;0;0;(0.20542464, 0.65703);0;(0.29984576, 0.5094005);0;(0.020353839, 0.7491888);0;(0.74627143, 0.8826094)
cs.DB;cs.CL;cs.SE;0;0;(0.20542464, 0.5202127);0;(0.29984576, 0.34671953);0;(0.020353839, 0.2985072);1;(0.74627143, 0.6168769)
cs.DB;cs.GT;cs.IR;0;0;(0.43261665, 0.65703);0;(0.2547639, 0.5094005);0;(0.188267, 0.7491888);0;(0.73755443, 0.8826094)
cs.DB;cs.CV;cs.IR;0;0;(0.5694548, 0.65703);0;(0.2700562, 0.5094005);0;(0.52868265, 0.7491888);0;(0.83221316, 0.8826094)
cs.DB;cs.DL;cs.CG;1;1;(0.63636506, 0.35602486);1;(0.37066406, 0.2988741);1;(0.30355477, 0.03632576);1;(0.8181001, 0.782429)
cs.DB;cs.DL;cs.CR;1;1;(0.63636506, 0.45982665);1;(0.37066406, 0.31961593);1;(0.30355477, 0.18635875);1;(0.8181001, 0.7947835)
cs.DB;cs.DL;cs.DM;1;1;(0.63636506, 0.014006739);1;(0.37066406, 0.21144547);1;(0.30355477, -0.009818751);1;(0.8181001, 0.7969708)
cs.DB;cs.DL;cs.FL;1;1;(0.63636506, 0.46445903);1;(0.37066406, 0.2782419);1;(0.30355477, 0.07000546);1;(0.8181001, 0.7702739)
cs.DB;cs.DL;cs.NA;1;1;(0.63636506, 0.3944435);1;(0.37066406, 0.34325808);1;(0.30355477, 0.08768474);1;(0.8181001, 0.8121128)
cs.DB;cs.DM;cs.MM;0;0;(0.014006739, 0.2926222);1;(0.21144547, 0.13317208);0;(-0.009818751, 0.038236827);1;(0.7969708, 0.762851)
cs.DB;cs.DC;cs.AI;1;0;(0.3244424, 0.66174364);1;(0.34563538, 0.2211521);0;(0.13946904, 0.71936846);1;(0.8559843, 0.817025)
cs.DB;cs.DC;cs.CL;1;1;(0.3244424, 0.20542464);1;(0.34563538, 0.29984576);1;(0.13946904, 0.020353839);1;(0.8559843, 0.74627143)
cs.DB;cs.DC;cs.CV;1;0;(0.3244424, 0.5694548);1;(0.34563538, 0.2700562);0;(0.13946904, 0.52868265);1;(0.8559843, 0.83221316)
cs.DB;cs.DC;cs.CR;1;0;(0.3244424, 0.45982665);1;(0.34563538, 0.31961593);0;(0.13946904, 0.18635875);1;(0.8559843, 0.7947835)
cs.DB;cs.DC;cs.LG;1;0;(0.3244424, 0.67331386);1;(0.34563538, 0.23226573);0;(0.13946904, 0.7626888);0;(0.8559843, 0.8696427)
cs.DB;cs.DC;cs.MM;1;1;(0.3244424, 0.2926222);1;(0.34563538, 0.13317208);1;(0.13946904, 0.038236827);1;(0.8559843, 0.762851)
cs.DB;cs.DC;cs.SC;1;1;(0.3244424, 0.27043688);1;(0.34563538, 0.1569695);1;(0.13946904, 0.023326665);1;(0.8559843, 0.83009046)
cs.DB;cs.FL;cs.IR;0;0;(0.46445903, 0.65703);0;(0.2782419, 0.5094005);0;(0.07000546, 0.7491888);0;(0.7702739, 0.8826094)
cs.DB;cs.FL;cs.MM;0;1;(0.46445903, 0.2926222);1;(0.2782419, 0.13317208);1;(0.07000546, 0.038236827);1;(0.7702739, 0.762851)
cs.DB;cs.FL;cs.SE;0;0;(0.46445903, 0.5202127);0;(0.2782419, 0.34671953);0;(0.07000546, 0.2985072);1;(0.7702739, 0.6168769)
cs.DB;cs.HC;cs.MM;0;1;(0.60286725, 0.2926222);1;(0.32200062, 0.13317208);1;(0.2414084, 0.038236827);1;(0.81189907, 0.762851)
cs.DB;cs.IR;cs.NA;1;1;(0.65703, 0.3944435);1;(0.5094005, 0.34325808);1;(0.7491888, 0.08768474);1;(0.8826094, 0.8121128)
cs.DB;cs.MM;cs.MS;1;0;(0.2926222, 0.32152605);0;(0.13317208, 0.39791244);0;(0.038236827, 0.06307974);0;(0.762851, 0.83631915)
cs.DB;cs.PL;cs.DC;0;1;(0.55954206, 0.3244424);0;(0.30363634, 0.34563538);1;(0.65048814, 0.13946904);0;(0.82541925, 0.8559843)
cs.DB;cs.SE;cs.AI;1;0;(0.5202127, 0.66174364);1;(0.34671953, 0.2211521);0;(0.2985072, 0.71936846);0;(0.6168769, 0.817025)
cs.DB;cs.SE;cs.CR;1;1;(0.5202127, 0.45982665);1;(0.34671953, 0.31961593);1;(0.2985072, 0.18635875);0;(0.6168769, 0.7947835)
cs.DB;cs.SE;cs.GR;1;1;(0.5202127, -0.0031670737);1;(0.34671953, 0.1990966);1;(0.2985072, -0.07938153);0;(0.6168769, 0.76811904)
cs.DB;cs.SE;cs.LO;1;1;(0.5202127, 0.43007627);1;(0.34671953, 0.31154737);1;(0.2985072, 0.09384904);0;(0.6168769, 0.73345876)
cs.DB;cs.SY;cs.SC;1;0;(-0.15039998, 0.27043688);1;(0.34453642, 0.1569695);0;(-0.05129639, 0.023326665);0;(0.78461033, 0.83009046)
cs.DL;cs.CL;cs.GR;1;1;(0.14975622, 0.085673116);0;(0.27696553, 0.29567787);1;(-0.005418455, -0.06409669);0;(0.68824047, 0.7975686)
cs.DL;cs.CL;cs.MS;1;1;(0.14975622, 0.10325882);0;(0.27696553, 0.3243064);0;(-0.005418455, 0.02685868);0;(0.68824047, 0.74211925)
cs.DL;cs.CL;cs.MM;0;1;(0.14975622, 0.04624585);0;(0.27696553, 0.42516464);1;(-0.005418455, -0.06754598);0;(0.68824047, 0.89793575)
cs.DL;cs.CG;cs.IR;0;0;(0.17958665, 0.41273487);0;(0.27221167, 0.27914885);0;(-0.057238273, 0.14396064);0;(0.70961237, 0.8566856)
cs.DL;cs.CR;cs.GR;0;1;(0.3015899, 0.085673116);1;(0.32369444, 0.29567787);1;(0.32752672, -0.06409669);0;(0.7951485, 0.7975686)
cs.DL;cs.DB;cs.FL;1;1;(0.63636506, 0.33335942);1;(0.37066406, 0.33943185);1;(0.30355477, -0.056280285);1;(0.8181001, 0.7003031)
cs.DL;cs.DB;cs.MS;1;1;(0.63636506, 0.10325882);1;(0.37066406, 0.3243064);1;(0.30355477, 0.02685868);1;(0.8181001, 0.74211925)
cs.DL;cs.DB;cs.PL;1;1;(0.63636506, 0.4053629);0;(0.37066406, 0.43462825);1;(0.30355477, -0.020562405);1;(0.8181001, 0.7991698)
cs.DL;cs.DB;cs.SE;1;1;(0.63636506, 0.26063824);1;(0.37066406, 0.32890546);1;(0.30355477, -0.21786295);1;(0.8181001, 0.5274959)
cs.DL;cs.DM;cs.IR;0;0;(-0.069394834, 0.41273487);1;(0.2976165, 0.27914885);0;(0.021452848, 0.14396064);0;(0.7304045, 0.8566856)
cs.DL;cs.DM;cs.MM;0;0;(-0.069394834, 0.04624585);0;(0.2976165, 0.42516464);1;(0.021452848, -0.06754598);0;(0.7304045, 0.89793575)
cs.DL;cs.DC;cs.IR;0;0;(0.19686776, 0.41273487);1;(0.38648826, 0.27914885);0;(-0.06284241, 0.14396064);0;(0.80030334, 0.8566856)
cs.DL;cs.GR;cs.IR;0;0;(0.085673116, 0.41273487);1;(0.29567787, 0.27914885);0;(-0.06409669, 0.14396064);0;(0.7975686, 0.8566856)
cs.DL;cs.IR;cs.SC;1;1;(0.41273487, 0.055923223);1;(0.27914885, 0.19230363);1;(0.14396064, 0.12726216);1;(0.8566856, 0.73685133)
cs.DL;cs.IT;cs.MM;0;1;(0.1273327, 0.04624585);0;(0.18100858, 0.42516464);1;(0.0052259155, -0.06754598);0;(0.7718042, 0.89793575)
cs.DL;cs.MA;cs.MM;0;1;(0.28264314, 0.04624585);0;(0.34069464, 0.42516464);1;(-0.062875815, -0.06754598);0;(0.73441625, 0.89793575)
cs.DL;cs.OS;cs.MM;0;1;(0.45527536, 0.04624585);0;(0.27204677, 0.42516464);1;(0.27963257, -0.06754598);0;(0.7708922, 0.89793575)
cs.DL;cs.PL;cs.IR;0;0;(0.4053629, 0.41273487);1;(0.43462825, 0.27914885);0;(-0.020562405, 0.14396064);0;(0.7991698, 0.8566856)
cs.DL;cs.PL;cs.IT;0;1;(0.4053629, 0.1273327);1;(0.43462825, 0.18100858);0;(-0.020562405, 0.0052259155);1;(0.7991698, 0.7718042)
cs.DL;cs.SY;cs.IR;0;0;(-0.15563157, 0.41273487);0;(0.24423563, 0.27914885);0;(-0.046343945, 0.14396064);0;(0.70438915, 0.8566856)
cs.DM;cs.CL;cs.MS;0;0;(-0.36827683, 0.0151067525);0;(0.51964384, 0.5787514);1;(0.0032458268, -0.054910637);0;(0.78289425, 0.9085176)
cs.DM;cs.CL;cs.NA;0;0;(-0.36827683, 0.06667037);1;(0.51964384, 0.42885658);0;(0.0032458268, 0.08514814);0;(0.78289425, 0.92240417)
cs.DM;cs.CR;cs.NI;1;1;(-0.034693718, -0.20875755);1;(0.34134164, 0.33305678);1;(0.07848892, -0.019444812);1;(0.790147, 0.75242037)
cs.DM;cs.CR;cs.SY;1;0;(-0.034693718, 0.022373265);1;(0.34134164, 0.18905172);1;(0.07848892, 0.00040950533);1;(0.790147, 0.77774537)
cs.DM;cs.DB;cs.CV;0;0;(0.014006739, 0.08216718);0;(0.21144547, 0.33498666);1;(-0.009818751, -0.011562737);0;(0.7969708, 0.8503792)
cs.DM;cs.DB;cs.CR;0;1;(0.014006739, -0.034693718);0;(0.21144547, 0.34134164);0;(-0.009818751, 0.07848892);1;(0.7969708, 0.790147)
cs.DM;cs.DB;cs.MS;0;0;(0.014006739, 0.0151067525);0;(0.21144547, 0.5787514);1;(-0.009818751, -0.054910637);0;(0.7969708, 0.9085176)
cs.DM;cs.DL;cs.CR;0;0;(-0.069394834, -0.034693718);0;(0.2976165, 0.34134164);0;(0.021452848, 0.07848892);0;(0.7304045, 0.790147)
cs.DM;cs.DL;cs.LG;0;0;(-0.069394834, 0.09258687);1;(0.2976165, 0.29625347);1;(0.021452848, 0.011243515);0;(0.7304045, 0.84991914)
cs.DM;cs.DC;cs.MS;0;1;(0.033777796, 0.0151067525);0;(0.47596863, 0.5787514);1;(0.06658512, -0.054910637);0;(0.8183538, 0.9085176)
cs.DM;cs.AR;cs.NA;0;0;(-0.15400761, 0.06667037);0;(0.3971308, 0.42885658);0;(-0.033838872, 0.08514814);0;(0.76595294, 0.92240417)
cs.DM;cs.LO;cs.CC;1;1;(0.121227905, -0.044272304);1;(0.5820393, 0.4679062);0;(-0.024468567, 0.06800434);1;(0.8837305, 0.87473077)
cs.DM;cs.MS;cs.SC;1;0;(0.0151067525, 0.08172627);1;(0.5787514, 0.4608842);0;(-0.054910637, 0.008354854);0;(0.9085176, 0.9286191)
cs.DM;cs.MM;cs.NA;0;1;(0.28361493, 0.06667037);0;(0.24710873, 0.42885658);0;(-0.035511427, 0.08514814);0;(0.7474352, 0.92240417)
cs.DM;cs.NA;cs.NI;1;1;(0.06667037, -0.20875755);1;(0.42885658, 0.33305678);1;(0.08514814, -0.019444812);1;(0.92240417, 0.75242037)
cs.DM;cs.NA;cs.SC;1;0;(0.06667037, 0.08172627);0;(0.42885658, 0.4608842);1;(0.08514814, 0.008354854);0;(0.92240417, 0.9286191)
cs.DM;cs.OS;cs.CG;0;0;(-0.13462506, 0.11150239);0;(0.2478679, 0.58104765);1;(0.006514401, -0.027740646);0;(0.8007786, 0.879402)
cs.DM;cs.RO;cs.NA;0;1;(0.21270949, 0.06667037);0;(0.3287468, 0.42885658);0;(-0.01605933, 0.08514814);0;(0.8383058, 0.92240417)
cs.DM;cs.SE;cs.GT;0;1;(0.13080758, 0.023727447);0;(0.40079513, 0.4878169);0;(-0.12543291, 0.048533123);0;(0.63032335, 0.8807936)
cs.DM;cs.SE;cs.MS;0;1;(0.13080758, 0.0151067525);0;(0.40079513, 0.5787514);0;(-0.12543291, -0.054910637);0;(0.63032335, 0.9085176)
cs.DM;cs.SE;cs.NA;0;1;(0.13080758, 0.06667037);0;(0.40079513, 0.42885658);0;(-0.12543291, 0.08514814);0;(0.63032335, 0.92240417)
cs.DM;cs.SD;cs.IT;0;1;(0.2362415, -0.06379199);0;(0.20709668, 0.27446803);0;(0.02447157, 0.06335773);0;(0.7484156, 0.87478167)
cs.DM;cs.SD;cs.NA;0;1;(0.2362415, 0.06667037);0;(0.20709668, 0.42885658);0;(0.02447157, 0.08514814);0;(0.7484156, 0.92240417)
cs.DM;cs.SY;cs.NA;0;0;(0.022373265, 0.06667037);0;(0.18905172, 0.42885658);0;(0.00040950533, 0.08514814);0;(0.77774537, 0.92240417)
cs.DC;cs.CL;cs.SE;0;0;(0.30163324, 0.48135138);1;(0.40443778, 0.3904957);0;(0.04208685, 0.087377995);1;(0.7426616, 0.655371)
cs.DC;cs.DB;cs.AI;1;0;(0.3244424, 0.59104395);1;(0.34563538, 0.2394024);1;(0.13946904, 0.13722879);1;(0.8559843, 0.84844095)
cs.DC;cs.DB;cs.CG;1;1;(0.3244424, 0.17153807);0;(0.34563538, 0.51203215);1;(0.13946904, 0.04675762);1;(0.8559843, 0.79734296)
cs.DC;cs.DB;cs.HC;1;0;(0.3244424, 0.41722196);0;(0.34563538, 0.39402205);1;(0.13946904, -0.069101095);1;(0.8559843, 0.8333849)
cs.DC;cs.DB;cs.MM;1;0;(0.3244424, 0.37810886);1;(0.34563538, 0.33274582);1;(0.13946904, -0.0070394417);1;(0.8559843, 0.7902666)
cs.DC;cs.AR;cs.AI;1;0;(0.42874405, 0.59104395);1;(0.4871247, 0.2394024);0;(0.05206585, 0.13722879);0;(0.77277166, 0.84844095)
cs.DC;cs.AR;cs.GR;1;1;(0.42874405, -0.0593125);1;(0.4871247, 0.30584863);1;(0.05206585, -0.043214936);0;(0.77277166, 0.78809255)
cs.DC;cs.AR;cs.IR;1;1;(0.42874405, 0.41730127);1;(0.4871247, 0.24425116);0;(0.05206585, 0.15902105);0;(0.77277166, 0.79970926)
cs.DC;cs.AR;cs.LG;1;0;(0.42874405, 0.43966705);1;(0.4871247, 0.28129515);0;(0.05206585, 0.08747484);0;(0.77277166, 0.8450564)
cs.DC;cs.AR;cs.MS;1;1;(0.42874405, 0.2429856);1;(0.4871247, 0.44778922);1;(0.05206585, -0.03903531);0;(0.77277166, 0.84196126)
cs.DC;cs.AR;cs.NA;1;1;(0.42874405, 0.28385532);1;(0.4871247, 0.2920587);0;(0.05206585, 0.09805511);0;(0.77277166, 0.80475384)
cs.DC;cs.AR;cs.OS;1;1;(0.42874405, 0.34158152);1;(0.4871247, 0.3825475);1;(0.05206585, -0.014603989);0;(0.77277166, 0.8730563)
cs.DC;cs.LG;cs.NI;0;1;(0.43966705, 0.10646648);0;(0.28129515, 0.4475026);1;(0.08747484, -0.04615376);0;(0.8450564, 0.8699408)
cs.DC;cs.NA;cs.NI;0;1;(0.28385532, 0.10646648);0;(0.2920587, 0.4475026);1;(0.09805511, -0.04615376);0;(0.80475384, 0.8699408)
cs.DC;cs.PL;cs.NI;0;1;(0.37253517, 0.10646648);0;(0.25659406, 0.4475026);1;(0.04179701, -0.04615376);0;(0.85863405, 0.8699408)
cs.DC;cs.PL;cs.SE;0;0;(0.37253517, 0.48135138);0;(0.25659406, 0.3904957);0;(0.04179701, 0.087377995);1;(0.85863405, 0.655371)
cs.DC;cs.PL;cs.SY;0;1;(0.37253517, -0.06822135);0;(0.25659406, 0.30094993);1;(0.04179701, -0.019245941);1;(0.85863405, 0.8210704)
cs.DC;cs.RO;cs.SE;0;1;(0.6033775, 0.48135138);0;(0.30224824, 0.3904957);1;(0.118165776, 0.087377995);1;(0.8080763, 0.655371)
cs.DC;cs.SE;cs.CV;1;1;(0.48135138, 0.474742);1;(0.3904957, 0.36448064);1;(0.087377995, 0.08620541);0;(0.655371, 0.82335013)
cs.DC;cs.SE;cs.MS;1;1;(0.48135138, 0.2429856);0;(0.3904957, 0.44778922);1;(0.087377995, -0.03903531);0;(0.655371, 0.84196126)
cs.DC;cs.SE;cs.NI;0;1;(0.48135138, 0.10646648);0;(0.3904957, 0.4475026);1;(0.087377995, -0.04615376);0;(0.655371, 0.8699408)
cs.DC;cs.SD;cs.SY;0;1;(0.15376279, -0.06822135);0;(0.04578083, 0.30094993);1;(0.17848021, -0.019245941);0;(0.6969393, 0.8210704)
cs.FL;cs.CL;cs.AI;1;0;(0.08093849, 0.44409174);1;(0.4975226, 0.30679378);0;(0.08132113, 0.1545616);0;(0.82919574, 0.85612)
cs.FL;cs.CL;cs.CC;1;0;(0.08093849, 0.20958203);1;(0.4975226, 0.3759603);1;(0.08132113, 0.00043187244);1;(0.82919574, 0.8092282)
cs.FL;cs.CL;cs.CG;1;0;(0.08093849, 0.2955476);1;(0.4975226, 0.38784835);0;(0.08132113, 0.17772184);1;(0.82919574, 0.80420417)
cs.FL;cs.CL;cs.SY;1;1;(0.08093849, -0.11232514);1;(0.4975226, 0.23880368);1;(0.08132113, -0.0311801);1;(0.82919574, 0.71101475)
cs.FL;cs.CC;cs.SC;0;1;(0.20958203, 0.13700639);1;(0.3759603, 0.34611923);0;(0.00043187244, 0.018204514);0;(0.8092282, 0.8809631)
cs.FL;cs.CV;cs.CC;0;0;(0.2077634, 0.20958203);0;(0.36706802, 0.3759603);0;(-0.014301291, 0.00043187244);0;(0.78976595, 0.8092282)
cs.FL;cs.CV;cs.SC;0;1;(0.2077634, 0.13700639);1;(0.36706802, 0.34611923);0;(-0.014301291, 0.018204514);0;(0.78976595, 0.8809631)
cs.FL;cs.DB;cs.DM;0;1;(0.46445903, 0.09800148);0;(0.2782419, 0.5040223);1;(0.07000546, -0.011385411);0;(0.7702739, 0.88755006)
cs.FL;cs.DL;cs.AI;0;0;(0.33335942, 0.44409174);1;(0.33943185, 0.30679378);0;(-0.056280285, 0.1545616);0;(0.7003031, 0.85612)
cs.FL;cs.DL;cs.CV;0;1;(0.33335942, 0.2077634);0;(0.33943185, 0.36706802);0;(-0.056280285, -0.014301291);0;(0.7003031, 0.78976595)
cs.FL;cs.DL;cs.LG;0;0;(0.33335942, 0.42753696);0;(0.33943185, 0.35233217);0;(-0.056280285, 0.136909);0;(0.7003031, 0.7789836)
cs.FL;cs.DM;cs.AI;0;0;(0.09800148, 0.44409174);1;(0.5040223, 0.30679378);0;(-0.011385411, 0.1545616);1;(0.88755006, 0.85612)
cs.FL;cs.DM;cs.LO;0;0;(0.09800148, 0.5164686);1;(0.5040223, 0.5017828);1;(-0.011385411, -0.03139663);1;(0.88755006, 0.858615)
cs.FL;cs.IR;cs.NA;1;1;(0.39650762, 0.3766395);0;(0.18197535, 0.30519465);1;(0.16756226, 0.060194515);0;(0.7024861, 0.85398406)
cs.FL;cs.IR;cs.SC;0;1;(0.39650762, 0.13700639);0;(0.18197535, 0.34611923);1;(0.16756226, 0.018204514);0;(0.7024861, 0.8809631)
cs.FL;cs.IT;cs.IR;1;0;(0.2744552, 0.39650762);1;(0.431037, 0.18197535);0;(-0.14738198, 0.16756226);1;(0.81208664, 0.7024861)
cs.FL;cs.LO;cs.MS;1;1;(0.5164686, 0.3434922);0;(0.5017828, 0.50836235);1;(-0.03139663, -0.043089267);1;(0.858615, 0.8392403)
cs.FL;cs.OS;cs.CL;0;1;(0.37713683, 0.08093849);0;(0.21823558, 0.4975226);0;(0.05397785, 0.08132113);0;(0.7142616, 0.82919574)
cs.FL;cs.PL;cs.LO;0;1;(0.63179415, 0.5164686);1;(0.57576793, 0.5017828);1;(0.014859436, -0.03139663);1;(0.91315967, 0.858615)
cs.FL;cs.PL;cs.NI;1;1;(0.63179415, -0.0338948);1;(0.57576793, 0.32995075);0;(0.014859436, 0.028438553);1;(0.91315967, 0.70407426)
cs.FL;cs.PL;cs.OS;1;1;(0.63179415, 0.37713683);1;(0.57576793, 0.21823558);0;(0.014859436, 0.05397785);1;(0.91315967, 0.7142616)
cs.FL;cs.PL;cs.SY;1;1;(0.63179415, -0.11232514);1;(0.57576793, 0.23880368);1;(0.014859436, -0.0311801);1;(0.91315967, 0.71101475)
cs.FL;cs.RO;cs.MS;1;0;(0.2956977, 0.3434922);0;(0.29000914, 0.50836235);1;(0.024889074, -0.043089267);0;(0.7576115, 0.8392403)
cs.FL;cs.SD;cs.AI;0;0;(0.18924727, 0.44409174);0;(0.2397209, 0.30679378);0;(0.047169007, 0.1545616);0;(0.70251846, 0.85612)
cs.GR;cs.CG;cs.CR;1;1;(-0.018824182, -0.020202132);1;(0.4114041, 0.22054444);1;(-0.02294012, -0.07748289);1;(0.8791909, 0.7941888)
cs.GR;cs.CV;cs.NI;1;0;(-0.19203123, 0.06074392);0;(0.28554732, 0.33523387);1;(-0.028771272, -0.06139746);1;(0.89762765, 0.7820745)
cs.GR;cs.DB;cs.CG;0;1;(-0.0031670737, -0.018824182);0;(0.1990966, 0.4114041);0;(-0.07938153, -0.02294012);0;(0.76811904, 0.8791909)
cs.GR;cs.DB;cs.RO;0;1;(-0.0031670737, -0.113832675);0;(0.1990966, 0.23722619);1;(-0.07938153, -0.17701384);0;(0.76811904, 0.80776626)
cs.GR;cs.AR;cs.MM;0;1;(-0.08856679, -0.29459247);0;(0.43637386, 0.5197579);1;(0.10017813, 0.022072064);0;(0.8283448, 0.8410465)
cs.GR;cs.IT;cs.MM;0;1;(-0.004279612, -0.29459247);0;(0.102994464, 0.5197579);0;(-0.019671055, 0.022072064);0;(0.8323459, 0.8410465)
cs.GR;cs.LG;cs.MM;0;1;(-0.09252452, -0.29459247);0;(0.23244794, 0.5197579);0;(-0.041799426, 0.022072064);0;(0.83230495, 0.8410465)
cs.GR;cs.MS;cs.CV;0;1;(-0.01905436, -0.19203123);1;(0.36447382, 0.28554732);1;(0.04965022, -0.028771272);0;(0.81063175, 0.89762765)
cs.GR;cs.MA;cs.MM;0;1;(-0.016497057, -0.29459247);0;(0.23134455, 0.5197579);0;(-0.15280397, 0.022072064);0;(0.7587115, 0.8410465)
cs.GR;cs.MM;cs.LO;1;0;(-0.29459247, -0.09482947);1;(0.5197579, 0.39758807);1;(0.022072064, -0.06143962);1;(0.8410465, 0.7109316)
cs.GR;cs.MM;cs.SY;1;0;(-0.29459247, -0.029864445);1;(0.5197579, 0.19240068);0;(0.022072064, 0.08782296);1;(0.8410465, 0.7334276)
cs.GR;cs.RO;cs.FL;1;0;(-0.113832675, -0.033041045);1;(0.23722619, 0.21334966);0;(-0.17701384, -0.037553024);1;(0.80776626, 0.7263406)
cs.GR;cs.RO;cs.MS;1;0;(-0.113832675, -0.01905436);0;(0.23722619, 0.36447382);0;(-0.17701384, 0.04965022);0;(0.80776626, 0.81063175)
cs.GR;cs.RO;cs.SY;1;0;(-0.113832675, -0.029864445);1;(0.23722619, 0.19240068);0;(-0.17701384, 0.08782296);1;(0.80776626, 0.7334276)
cs.GR;cs.SE;cs.CV;0;1;(-0.05628749, -0.19203123);1;(0.3299714, 0.28554732);0;(-0.02920377, -0.028771272);0;(0.7149105, 0.89762765)
cs.GR;cs.SE;cs.MM;0;1;(-0.05628749, -0.29459247);0;(0.3299714, 0.5197579);0;(-0.02920377, 0.022072064);0;(0.7149105, 0.8410465)
cs.AR;cs.AI;cs.NI;0;1;(0.47626826, 0.090297915);0;(0.23545857, 0.6451984);1;(0.059864167, -0.08512422);1;(0.7726691, 0.76359624)
cs.AR;cs.CL;cs.SY;0;1;(0.39794296, -0.11944245);0;(0.31352156, 0.3625279);0;(-0.012884821, -0.0029909797);1;(0.74160194, 0.71483576)
cs.AR;cs.CR;cs.LO;1;1;(0.32754514, 0.268593);1;(0.47040176, 0.44018626);0;(-0.029640228, 0.05137428);1;(0.7529438, 0.72223055)
cs.AR;cs.DB;cs.OS;0;1;(0.43481487, 0.41724217);0;(0.26781824, 0.4657658);1;(0.12768246, 0.017768152);0;(0.7443315, 0.7548624)
cs.AR;cs.DM;cs.OS;0;0;(-0.15400761, 0.41724217);0;(0.3971308, 0.4657658);0;(-0.033838872, 0.017768152);1;(0.76595294, 0.7548624)
cs.AR;cs.DC;cs.AI;1;0;(0.42874405, 0.47626826);1;(0.4871247, 0.23545857);0;(0.05206585, 0.059864167);1;(0.77277166, 0.7726691)
cs.AR;cs.DC;cs.LO;1;1;(0.42874405, 0.268593);1;(0.4871247, 0.44018626);1;(0.05206585, 0.05137428);1;(0.77277166, 0.72223055)
cs.AR;cs.DC;cs.SD;1;1;(0.42874405, -0.11130237);1;(0.4871247, 0.17686966);1;(0.05206585, -0.049555477);1;(0.77277166, 0.73938054)
cs.AR;cs.HC;cs.SY;0;1;(0.35183492, -0.11944245);0;(0.29332113, 0.3625279);1;(0.026453048, -0.0029909797);1;(0.77095556, 0.71483576)
cs.AR;cs.IT;cs.CR;0;1;(0.4747085, 0.32754514);0;(0.24941243, 0.47040176);1;(-0.022689048, -0.029640228);1;(0.80159074, 0.7529438)
cs.AR;cs.MM;cs.SY;0;1;(0.14277598, -0.11944245);0;(0.33172163, 0.3625279);1;(0.107032746, -0.0029909797);0;(0.69260013, 0.71483576)
cs.AR;cs.OS;cs.CV;1;1;(0.41724217, 0.40953535);1;(0.4657658, 0.3549351);0;(0.017768152, 0.078291744);0;(0.7548624, 0.8141746)
cs.AR;cs.OS;cs.MM;1;1;(0.41724217, 0.14277598);1;(0.4657658, 0.33172163);0;(0.017768152, 0.107032746);1;(0.7548624, 0.69260013)
cs.AR;cs.OS;cs.NA;1;1;(0.41724217, 0.3859489);1;(0.4657658, 0.16291904);1;(0.017768152, -0.07016349);0;(0.7548624, 0.7682735)
cs.AR;cs.OS;cs.SD;1;1;(0.41724217, -0.11130237);1;(0.4657658, 0.17686966);1;(0.017768152, -0.049555477);1;(0.7548624, 0.73938054)
cs.AR;cs.OS;cs.SC;1;1;(0.41724217, 0.2424566);1;(0.4657658, 0.29798877);1;(0.017768152, -0.06314047);0;(0.7548624, 0.8239903)
cs.AR;cs.PL;cs.NI;0;1;(0.32904458, 0.090297915);0;(0.33320487, 0.6451984);1;(0.06330298, -0.08512422);1;(0.76765376, 0.76359624)
cs.AR;cs.PL;cs.SY;0;1;(0.32904458, -0.11944245);0;(0.33320487, 0.3625279);1;(0.06330298, -0.0029909797);1;(0.76765376, 0.71483576)
cs.AR;cs.RO;cs.GR;1;1;(0.38108712, -0.08856679);0;(0.30248615, 0.43637386);0;(0.03162895, 0.10017813);0;(0.7525629, 0.8283448)
cs.AR;cs.RO;cs.IT;1;0;(0.38108712, 0.4747085);1;(0.30248615, 0.24941243);1;(0.03162895, -0.022689048);0;(0.7525629, 0.80159074)
cs.AR;cs.RO;cs.LO;1;1;(0.38108712, 0.268593);0;(0.30248615, 0.44018626);0;(0.03162895, 0.05137428);1;(0.7525629, 0.72223055)
cs.AR;cs.RO;cs.LG;1;0;(0.38108712, 0.58019793);1;(0.30248615, 0.24666344);0;(0.03162895, 0.121261664);0;(0.7525629, 0.7982187)
cs.AR;cs.RO;cs.MS;1;1;(0.38108712, 0.24223846);0;(0.30248615, 0.47599357);1;(0.03162895, -0.0712678);0;(0.7525629, 0.78305703)
cs.HC;cs.CL;cs.LO;1;0;(0.0407779, 0.40301055);0;(0.36684933, 0.5987079);0;(0.0059861653, 0.03817238);0;(0.7893597, 0.8453037)
cs.HC;cs.CL;cs.MS;1;0;(0.0407779, 0.2964448);0;(0.36684933, 0.46786213);0;(0.0059861653, 0.10441665);0;(0.7893597, 0.8736465)
cs.HC;cs.DB;cs.MM;0;1;(0.60286725, 0.50502247);1;(0.32200062, 0.27762625);1;(0.2414084, -0.056944236);1;(0.81189907, 0.78319395)
cs.HC;cs.DL;cs.GT;0;0;(0.24696554, 0.41033077);0;(0.30059066, 0.5759198);0;(0.011928637, 0.10036875);0;(0.74161875, 0.8870285)
cs.HC;cs.DL;cs.GR;0;1;(0.24696554, -0.11681938);0;(0.30059066, 0.32963267);0;(0.011928637, 0.026171565);0;(0.74161875, 0.8279117)
cs.HC;cs.DM;cs.MM;0;0;(0.06412609, 0.50502247);1;(0.38585618, 0.27762625);1;(0.028001716, -0.056944236);1;(0.86651427, 0.78319395)
cs.HC;cs.DM;cs.SD;0;1;(0.06412609, 0.058473483);1;(0.38585618, 0.16927607);1;(0.028001716, 0.025437217);1;(0.86651427, 0.78255826)
cs.HC;cs.FL;cs.GR;0;1;(0.2571839, -0.11681938);1;(0.4086167, 0.32963267);0;(-0.009301561, 0.026171565);0;(0.8176877, 0.8279117)
cs.HC;cs.FL;cs.MM;0;0;(0.2571839, 0.50502247);1;(0.4086167, 0.27762625);1;(-0.009301561, -0.056944236);1;(0.8176877, 0.78319395)
cs.HC;cs.AR;cs.SD;0;1;(0.35183492, 0.058473483);1;(0.29332113, 0.16927607);1;(0.026453048, 0.025437217);0;(0.77095556, 0.78255826)
cs.HC;cs.MM;cs.CV;1;0;(0.50502247, 0.82895577);0;(0.27762625, 0.4800321);0;(-0.056944236, 0.48014033);0;(0.78319395, 0.87083125)
cs.HC;cs.MM;cs.NI;1;1;(0.50502247, 0.17894743);0;(0.27762625, 0.38157636);0;(-0.056944236, -0.005643175);1;(0.78319395, 0.7829562)
cs.HC;cs.PL;cs.RO;0;0;(0.38761383, 0.72865856);0;(0.26077494, 0.33771768);1;(0.22128561, 0.1618797);0;(0.8477543, 0.87519693)
cs.HC;cs.RO;cs.FL;1;1;(0.72865856, 0.2571839);0;(0.33771768, 0.4086167);1;(0.1618797, -0.009301561);1;(0.87519693, 0.8176877)
cs.HC;cs.SD;cs.IR;1;0;(0.058473483, 0.6392427);0;(0.16927607, 0.35841396);0;(0.025437217, 0.28407243);1;(0.78255826, 0.75719655)
cs.IR;cs.AI;cs.SC;1;1;(0.7596762, 0.40896395);1;(0.25783116, 0.24114174);1;(0.7460123, 0.046243623);1;(0.7774163, 0.7652184)
cs.IR;cs.CL;cs.CG;1;0;(0.17458656, 0.33222002);1;(0.28835702, 0.23942444);0;(0.02872258, 0.044372216);0;(0.7199878, 0.72752684)
cs.IR;cs.CL;cs.NI;1;0;(0.17458656, 0.24337557);1;(0.28835702, 0.28798914);1;(0.02872258, -0.0073601007);0;(0.7199878, 0.79918665)
cs.IR;cs.CV;cs.SC;1;1;(0.61046326, 0.40896395);1;(0.2477341, 0.24114174);1;(0.5544392, 0.046243623);1;(0.8280276, 0.7652184)
cs.IR;cs.CR;cs.SC;0;0;(0.31611964, 0.40896395);1;(0.28109702, 0.24114174);1;(0.16039221, 0.046243623);1;(0.7861354, 0.7652184)
cs.IR;cs.DB;cs.CV;1;1;(0.65703, 0.61046326);1;(0.5094005, 0.2477341);1;(0.7491888, 0.5544392);1;(0.8826094, 0.8280276)
cs.IR;cs.DB;cs.CR;1;1;(0.65703, 0.31611964);1;(0.5094005, 0.28109702);1;(0.7491888, 0.16039221);1;(0.8826094, 0.7861354)
cs.IR;cs.DB;cs.HC;1;1;(0.65703, 0.6392427);1;(0.5094005, 0.35841396);1;(0.7491888, 0.28407243);1;(0.8826094, 0.75719655)
cs.IR;cs.DB;cs.LG;0;0;(0.65703, 0.7410647);1;(0.5094005, 0.23160373);0;(0.7491888, 0.7727481);1;(0.8826094, 0.8190178)
cs.IR;cs.DB;cs.NI;1;1;(0.65703, 0.24337557);1;(0.5094005, 0.28798914);1;(0.7491888, -0.0073601007);1;(0.8826094, 0.79918665)
cs.IR;cs.DB;cs.OS;1;1;(0.65703, 0.35704285);1;(0.5094005, 0.2471503);1;(0.7491888, 0.15442729);1;(0.8826094, 0.7785954)
cs.IR;cs.DB;cs.SY;1;1;(0.65703, -0.062042303);1;(0.5094005, 0.2989565);1;(0.7491888, -0.029562533);1;(0.8826094, 0.72804904)
cs.IR;cs.DL;cs.CL;0;1;(0.41273487, 0.17458656);0;(0.27914885, 0.28835702);1;(0.14396064, 0.02872258);1;(0.8566856, 0.7199878)
cs.IR;cs.DL;cs.CR;1;1;(0.41273487, 0.31611964);0;(0.27914885, 0.28109702);0;(0.14396064, 0.16039221);1;(0.8566856, 0.7861354)
cs.IR;cs.DL;cs.HC;1;0;(0.41273487, 0.6392427);0;(0.27914885, 0.35841396);0;(0.14396064, 0.28407243);1;(0.8566856, 0.75719655)
cs.IR;cs.DL;cs.RO;1;0;(0.41273487, 0.58796036);1;(0.27914885, 0.1730657);0;(0.14396064, 0.4013626);1;(0.8566856, 0.7306309)
cs.IR;cs.DL;cs.SE;1;0;(0.41273487, 0.6624759);0;(0.27914885, 0.30062407);0;(0.14396064, 0.2544102);1;(0.8566856, 0.59770393)
cs.IR;cs.DL;cs.SC;1;1;(0.41273487, 0.40896395);1;(0.27914885, 0.24114174);1;(0.14396064, 0.046243623);1;(0.8566856, 0.7652184)
cs.IR;cs.DL;cs.SY;1;1;(0.41273487, -0.062042303);0;(0.27914885, 0.2989565);1;(0.14396064, -0.029562533);1;(0.8566856, 0.72804904)
cs.IR;cs.DC;cs.AI;0;0;(0.41730127, 0.7596762);0;(0.24425116, 0.25783116);0;(0.15902105, 0.7460123);1;(0.79970926, 0.7774163)
cs.IR;cs.DC;cs.CV;0;0;(0.41730127, 0.61046326);0;(0.24425116, 0.2477341);0;(0.15902105, 0.5544392);0;(0.79970926, 0.8280276)
cs.IR;cs.FL;cs.IT;0;0;(0.39650762, 0.44715494);0;(0.18197535, 0.5632208);1;(0.16756226, 0.02191232);0;(0.7024861, 0.8283255)
cs.IR;cs.GR;cs.AI;0;0;(-0.048711225, 0.7596762);0;(0.17186888, 0.25783116);0;(-0.07089786, 0.7460123);0;(0.73994464, 0.7774163)
cs.IR;cs.AR;cs.CL;0;1;(0.38999778, 0.17458656);0;(0.19844022, 0.28835702);0;(-0.002039615, 0.02872258);0;(0.677222, 0.7199878)
cs.IR;cs.AR;cs.DL;0;0;(0.38999778, 0.41273487);0;(0.19844022, 0.27914885);0;(-0.002039615, 0.14396064);0;(0.677222, 0.8566856)
cs.IR;cs.IT;cs.GR;1;1;(0.44715494, -0.048711225);1;(0.5632208, 0.17186888);1;(0.02191232, -0.07089786);1;(0.8283255, 0.73994464)
cs.IR;cs.IT;cs.NA;1;1;(0.44715494, 0.43448466);1;(0.5632208, 0.32157338);0;(0.02191232, 0.12865758);1;(0.8283255, 0.7463423)
cs.IR;cs.LG;cs.CC;1;1;(0.7410647, 0.32544386);0;(0.23160373, 0.2709152);1;(0.7727481, 0.42229044);1;(0.8190178, 0.7573851)
cs.IR;cs.LG;cs.MS;1;1;(0.7410647, 0.24048445);0;(0.23160373, 0.3030873);1;(0.7727481, 0.056647424);1;(0.8190178, 0.77791566)
cs.IR;cs.LG;cs.MM;1;1;(0.7410647, 0.42751342);1;(0.23160373, 0.2291659);1;(0.7727481, 0.07155585);1;(0.8190178, 0.77943504)
cs.IR;cs.LG;cs.SE;1;1;(0.7410647, 0.6624759);0;(0.23160373, 0.30062407);1;(0.7727481, 0.2544102);1;(0.8190178, 0.59770393)
cs.IR;cs.MM;cs.AI;0;0;(0.42751342, 0.7596762);0;(0.2291659, 0.25783116);0;(0.07155585, 0.7460123);1;(0.77943504, 0.7774163)
cs.IR;cs.PL;cs.CV;0;0;(0.49881, 0.61046326);0;(0.12793244, 0.2477341);0;(0.5129682, 0.5544392);0;(0.7698202, 0.8280276)
cs.IR;cs.PL;cs.LG;0;0;(0.49881, 0.7410647);0;(0.12793244, 0.23160373);0;(0.5129682, 0.7727481);0;(0.7698202, 0.8190178)
cs.IR;cs.RO;cs.IT;0;1;(0.58796036, 0.44715494);0;(0.1730657, 0.5632208);1;(0.4013626, 0.02191232);0;(0.7306309, 0.8283255)
cs.IR;cs.SE;cs.CV;0;1;(0.6624759, 0.61046326);1;(0.30062407, 0.2477341);0;(0.2544102, 0.5544392);0;(0.59770393, 0.8280276)
cs.IT;cs.CL;cs.CR;0;1;(0.33569974, 0.22478224);0;(0.29382002, 0.29529154);0;(-0.031193612, 0.15681264);0;(0.8110278, 0.82061386)
cs.IT;cs.CG;cs.CR;0;1;(0.35988742, 0.22478224);1;(0.2972252, 0.29529154);0;(-0.12003665, 0.15681264);1;(0.88807404, 0.82061386)
cs.IT;cs.CG;cs.IR;0;0;(0.35988742, 0.44715494);0;(0.2972252, 0.5632208);0;(-0.12003665, 0.02191232);1;(0.88807404, 0.8283255)
cs.IT;cs.CG;cs.SC;0;1;(0.35988742, 0.13460794);1;(0.2972252, 0.24972288);0;(-0.12003665, 0.13542128);0;(0.88807404, 0.8990304)
cs.IT;cs.CR;cs.GT;1;0;(0.22478224, 0.49748975);0;(0.29529154, 0.59291273);1;(0.15681264, 0.1515309);0;(0.82061386, 0.8567597)
cs.IT;cs.DB;cs.LO;1;1;(0.36159444, 0.24500307);0;(0.34390083, 0.49689555);1;(0.08892224, -0.08070623);0;(0.8272364, 0.85467213)
cs.IT;cs.DL;cs.CL;0;0;(0.1273327, 0.33569974);0;(0.18100858, 0.29382002);1;(0.0052259155, -0.031193612);0;(0.7718042, 0.8110278)
cs.IT;cs.DL;cs.IR;0;0;(0.1273327, 0.44715494);0;(0.18100858, 0.5632208);0;(0.0052259155, 0.02191232);0;(0.7718042, 0.8283255)
cs.IT;cs.FL;cs.CR;0;1;(0.2744552, 0.22478224);1;(0.431037, 0.29529154);0;(-0.14738198, 0.15681264);0;(0.81208664, 0.82061386)
cs.IT;cs.LG;cs.CR;0;1;(0.5749589, 0.22478224);0;(0.23734958, 0.29529154);0;(0.09335978, 0.15681264);1;(0.88915825, 0.82061386)
cs.IT;cs.MM;cs.SC;0;1;(0.20402619, 0.13460794);0;(0.122001916, 0.24972288);0;(0.013822907, 0.13542128);0;(0.7548633, 0.8990304)
cs.IT;cs.OS;cs.CV;1;1;(0.3350305, 0.31143665);0;(0.18201753, 0.3508199);0;(0.1035226, 0.30442685);0;(0.8046758, 0.89967585)
cs.IT;cs.PL;cs.AI;1;0;(0.3045339, 0.46675277);0;(0.13802908, 0.3001634);1;(0.24328144, 0.15564007);0;(0.819714, 0.8863089)
cs.LO;cs.CL;cs.FL;0;0;(0.15497884, 0.5164686);0;(0.4792542, 0.5017828);0;(-0.041279104, -0.03139663);0;(0.73938406, 0.858615)
cs.LO;cs.CL;cs.NA;1;0;(0.15497884, 0.24518648);1;(0.4792542, 0.41103554);0;(-0.041279104, -0.023715135);0;(0.73938406, 0.8676249)
cs.LO;cs.DB;cs.AI;0;0;(0.43007627, 0.50454557);0;(0.31154737, 0.385322);1;(0.09384904, 0.08300773);0;(0.73345876, 0.88285094)
cs.LO;cs.DB;cs.CL;0;1;(0.43007627, 0.15497884);0;(0.31154737, 0.4792542);1;(0.09384904, -0.041279104);0;(0.73345876, 0.73938406)
cs.LO;cs.DB;cs.IT;0;1;(0.43007627, 0.24500307);0;(0.31154737, 0.49689555);1;(0.09384904, -0.08070623);0;(0.73345876, 0.85467213)
cs.LO;cs.DB;cs.PL;0;0;(0.43007627, 0.47996396);1;(0.31154737, 0.30276772);0;(0.09384904, 0.11329754);0;(0.73345876, 0.81691164)
cs.LO;cs.DL;cs.CL;0;1;(0.23418781, 0.15497884);0;(0.34274235, 0.4792542);1;(0.050059095, -0.041279104);0;(0.6253859, 0.73938406)
cs.LO;cs.DL;cs.DM;0;1;(0.23418781, 0.121227905);0;(0.34274235, 0.5820393);1;(0.050059095, -0.024468567);0;(0.6253859, 0.8837305)
cs.LO;cs.DL;cs.SC;0;0;(0.23418781, 0.32336903);0;(0.34274235, 0.37311563);1;(0.050059095, 0.039179094);0;(0.6253859, 0.8517346)
cs.LO;cs.DC;cs.CL;0;1;(0.23209822, 0.15497884);0;(0.44800642, 0.4792542);1;(0.007943321, -0.041279104);0;(0.7372202, 0.73938406)
cs.LO;cs.FL;cs.NA;1;1;(0.5164686, 0.24518648);1;(0.5017828, 0.41103554);0;(-0.03139663, -0.023715135);0;(0.858615, 0.8676249)
cs.LO;cs.FL;cs.SY;1;1;(0.5164686, -0.05605429);1;(0.5017828, 0.33457753);1;(-0.03139663, -0.03225135);1;(0.858615, 0.71156955)
cs.LO;cs.GR;cs.AI;0;0;(-0.09482947, 0.50454557);1;(0.39758807, 0.385322);0;(-0.06143962, 0.08300773);0;(0.7109316, 0.88285094)
cs.LO;cs.AR;cs.SC;0;0;(0.268593, 0.32336903);1;(0.44018626, 0.37311563);1;(0.05137428, 0.039179094);0;(0.72223055, 0.8517346)
cs.LO;cs.HC;cs.CL;0;1;(0.40301055, 0.15497884);1;(0.5987079, 0.4792542);1;(0.03817238, -0.041279104);1;(0.8453037, 0.73938406)
cs.LO;cs.IT;cs.CC;1;1;(0.24500307, 0.23067617);1;(0.49689555, 0.45865604);0;(-0.08070623, 0.06530999);0;(0.85467213, 0.8566375)
cs.LO;cs.LG;cs.SC;1;1;(0.4302442, 0.32336903);1;(0.42993107, 0.37311563);1;(0.08537039, 0.039179094);0;(0.7879126, 0.8517346)
cs.LO;cs.NA;cs.SC;0;0;(0.24518648, 0.32336903);1;(0.41103554, 0.37311563);0;(-0.023715135, 0.039179094);1;(0.8676249, 0.8517346)
cs.LO;cs.OS;cs.CL;0;1;(0.28731716, 0.15497884);0;(0.3020401, 0.4792542);1;(0.07768923, -0.041279104);0;(0.690573, 0.73938406)
cs.LO;cs.PL;cs.RO;1;1;(0.47996396, 0.39141566);0;(0.30276772, 0.4671561);1;(0.11329754, 0.0105847735);1;(0.81691164, 0.75930065)
cs.LO;cs.RO;cs.MS;1;1;(0.39141566, 0.171206);0;(0.4671561, 0.5958187);0;(0.0105847735, 0.031399757);0;(0.75930065, 0.8698613)
cs.LO;cs.SE;cs.IT;0;1;(0.39988256, 0.24500307);0;(0.49183378, 0.49689555);1;(0.036715694, -0.08070623);0;(0.57614183, 0.85467213)
cs.LG;cs.GT;cs.IR;0;0;(0.6080458, 0.7410647);1;(0.46351197, 0.23160373);0;(0.22605884, 0.7727481);0;(0.80587596, 0.8190178)
cs.LG;cs.CV;cs.CC;1;1;(0.60001624, 0.45630276);1;(0.38670522, 0.2714935);1;(0.58980215, 0.37624335);1;(0.9004107, 0.88134193)
cs.LG;cs.CV;cs.NA;1;1;(0.60001624, 0.5502112);1;(0.38670522, 0.17431062);1;(0.58980215, 0.101926945);1;(0.9004107, 0.8822094)
cs.LG;cs.DB;cs.IR;0;0;(0.67331386, 0.7410647);1;(0.23226573, 0.23160373);0;(0.7626888, 0.7727481);1;(0.8696427, 0.8190178)
cs.LG;cs.DB;cs.RO;0;1;(0.67331386, 0.58161074);0;(0.23226573, 0.33032328);1;(0.7626888, 0.34907);1;(0.8696427, 0.84887946)
cs.LG;cs.DL;cs.CL;0;1;(0.32390666, 0.18147272);0;(0.28108823, 0.29199705);1;(0.17081144, 0.039251044);0;(0.76242155, 0.7921646)
cs.LG;cs.DL;cs.IR;0;0;(0.32390666, 0.7410647);1;(0.28108823, 0.23160373);0;(0.17081144, 0.7727481);0;(0.76242155, 0.8190178)
cs.LG;cs.DM;cs.AI;0;0;(0.09258687, 0.7938493);1;(0.29625347, 0.20382784);0;(0.011243515, 0.74840397);0;(0.84991914, 0.8894084)
cs.LG;cs.DM;cs.CL;0;0;(0.09258687, 0.18147272);1;(0.29625347, 0.29199705);0;(0.011243515, 0.039251044);1;(0.84991914, 0.7921646)
cs.LG;cs.DC;cs.AI;0;0;(0.43966705, 0.7938493);1;(0.28129515, 0.20382784);0;(0.08747484, 0.74840397);0;(0.8450564, 0.8894084)
cs.LG;cs.DC;cs.IR;0;0;(0.43966705, 0.7410647);1;(0.28129515, 0.23160373);0;(0.08747484, 0.7727481);1;(0.8450564, 0.8190178)
cs.LG;cs.DC;cs.RO;1;0;(0.43966705, 0.58161074);0;(0.28129515, 0.33032328);0;(0.08747484, 0.34907);0;(0.8450564, 0.84887946)
cs.LG;cs.FL;cs.AI;0;0;(0.42753696, 0.7938493);1;(0.35233217, 0.20382784);0;(0.136909, 0.74840397);0;(0.7789836, 0.8894084)
cs.LG;cs.AR;cs.CL;0;1;(0.58019793, 0.18147272);0;(0.24666344, 0.29199705);1;(0.121261664, 0.039251044);1;(0.7982187, 0.7921646)
cs.LG;cs.AR;cs.SC;0;1;(0.58019793, 0.34018004);1;(0.24666344, 0.19343518);1;(0.121261664, 0.08169831);0;(0.7982187, 0.8886642)
cs.LG;cs.HC;cs.FL;0;1;(0.5222162, 0.42753696);1;(0.42593518, 0.35233217);1;(0.30131596, 0.136909);1;(0.86285096, 0.7789836)
cs.LG;cs.IR;cs.SC;0;1;(0.7410647, 0.34018004);1;(0.23160373, 0.19343518);1;(0.7727481, 0.08169831);0;(0.8190178, 0.8886642)
cs.LG;cs.IT;cs.AI;0;0;(0.5749589, 0.7938493);1;(0.23734958, 0.20382784);0;(0.09335978, 0.74840397);0;(0.88915825, 0.8894084)
cs.LG;cs.IT;cs.CC;0;1;(0.5749589, 0.45630276);0;(0.23734958, 0.2714935);0;(0.09335978, 0.37624335);1;(0.88915825, 0.88134193)
cs.LG;cs.LO;cs.NI;1;1;(0.4302442, 0.17808297);1;(0.42993107, 0.27470282);1;(0.08537039, -0.044002447);0;(0.7879126, 0.8167102)
cs.LG;cs.LO;cs.SY;1;1;(0.4302442, -0.07784761);1;(0.42993107, 0.30676502);1;(0.08537039, -0.04465934);0;(0.7879126, 0.8103679)
cs.LG;cs.MS;cs.IR;0;0;(0.3082685, 0.7410647);1;(0.37731197, 0.23160373);0;(0.09212552, 0.7727481);1;(0.886156, 0.8190178)
cs.LG;cs.MA;cs.OS;1;1;(0.4939388, 0.39580774);1;(0.33002552, 0.28667277);0;(0.13675664, 0.2557378);1;(0.8615807, 0.81961894)
cs.LG;cs.RO;cs.CL;0;1;(0.58161074, 0.18147272);1;(0.33032328, 0.29199705);1;(0.34907, 0.039251044);1;(0.84887946, 0.7921646)
cs.LG;cs.RO;cs.MS;1;1;(0.58161074, 0.3082685);0;(0.33032328, 0.37731197);1;(0.34907, 0.09212552);0;(0.84887946, 0.886156)
cs.LG;cs.SE;cs.CC;0;1;(0.6115139, 0.45630276);1;(0.28278866, 0.2714935);0;(0.29251945, 0.37624335);0;(0.6998867, 0.88134193)
cs.LG;cs.SE;cs.IR;0;0;(0.6115139, 0.7410647);1;(0.28278866, 0.23160373);0;(0.29251945, 0.7727481);0;(0.6998867, 0.8190178)
cs.LG;cs.SD;cs.AI;0;0;(0.15982287, 0.7938493);1;(0.20975822, 0.20382784);0;(0.008079842, 0.74840397);0;(0.7733141, 0.8894084)
cs.LG;cs.SY;cs.CC;0;0;(-0.07784761, 0.45630276);1;(0.30676502, 0.2714935);0;(-0.04465934, 0.37624335);0;(0.8103679, 0.88134193)
cs.MS;cs.AI;cs.SC;0;1;(0.3588971, 0.0019928552);0;(0.2853992, 0.41123062);1;(0.04593618, -0.107020974);0;(0.89978117, 0.9248115)
cs.MS;cs.CG;cs.AI;1;0;(0.1989156, 0.3588971);1;(0.6250619, 0.2853992);0;(-0.012001809, 0.04593618);0;(0.8723627, 0.89978117)
cs.MS;cs.CG;cs.GT;1;0;(0.1989156, 0.2650497);1;(0.6250619, 0.58611387);1;(-0.012001809, -0.04173335);0;(0.8723627, 0.88258463)
cs.MS;cs.GT;cs.SC;0;1;(0.2650497, 0.0019928552);1;(0.58611387, 0.41123062);1;(-0.04173335, -0.107020974);0;(0.88258463, 0.9248115)
cs.MS;cs.DB;cs.CG;0;1;(0.32152605, 0.1989156);0;(0.39791244, 0.6250619);1;(0.06307974, -0.012001809);0;(0.83631915, 0.8723627)
cs.MS;cs.DB;cs.DM;0;1;(0.32152605, 0.0151067525);0;(0.39791244, 0.5787514);1;(0.06307974, -0.054910637);0;(0.83631915, 0.9085176)
cs.MS;cs.DL;cs.CG;0;0;(0.10325882, 0.1989156);0;(0.3243064, 0.6250619);1;(0.02685868, -0.012001809);0;(0.74211925, 0.8723627)
cs.MS;cs.DM;cs.DC;1;0;(0.0151067525, 0.2429856);1;(0.5787514, 0.44778922);0;(-0.054910637, -0.03903531);1;(0.9085176, 0.84196126)
cs.MS;cs.DM;cs.GR;1;1;(0.0151067525, -0.01905436);1;(0.5787514, 0.36447382);0;(-0.054910637, 0.04965022);1;(0.9085176, 0.81063175)
cs.MS;cs.DM;cs.HC;1;0;(0.0151067525, 0.2964448);1;(0.5787514, 0.46786213);0;(-0.054910637, 0.10441665);1;(0.9085176, 0.8736465)
cs.MS;cs.DM;cs.IR;1;0;(0.0151067525, 0.24048445);1;(0.5787514, 0.3030873);0;(-0.054910637, 0.056647424);1;(0.9085176, 0.77791566)
cs.MS;cs.DM;cs.LG;1;0;(0.0151067525, 0.3082685);1;(0.5787514, 0.37731197);0;(-0.054910637, 0.09212552);1;(0.9085176, 0.886156)
cs.MS;cs.DM;cs.NI;1;0;(0.0151067525, 0.09092126);1;(0.5787514, 0.35648835);0;(-0.054910637, 0.058040813);1;(0.9085176, 0.7723659)
cs.MS;cs.DM;cs.PL;1;0;(0.0151067525, 0.41461676);1;(0.5787514, 0.3351735);0;(-0.054910637, 0.0330794);1;(0.9085176, 0.8644545)
cs.MS;cs.FL;cs.CG;0;1;(0.3434922, 0.1989156);0;(0.50836235, 0.6250619);0;(-0.043089267, -0.012001809);0;(0.8392403, 0.8723627)
cs.MS;cs.FL;cs.NA;0;1;(0.3434922, 0.22893378);1;(0.50836235, 0.5057564);0;(-0.043089267, 0.00499095);0;(0.8392403, 0.9049885)
cs.MS;cs.AR;cs.SC;0;1;(0.24223846, 0.0019928552);1;(0.47599357, 0.41123062);1;(-0.0712678, -0.107020974);0;(0.78305703, 0.9248115)
cs.MS;cs.HC;cs.CG;0;1;(0.2964448, 0.1989156);0;(0.46786213, 0.6250619);1;(0.10441665, -0.012001809);1;(0.8736465, 0.8723627)
cs.MS;cs.HC;cs.NA;0;1;(0.2964448, 0.22893378);0;(0.46786213, 0.5057564);1;(0.10441665, 0.00499095);0;(0.8736465, 0.9049885)
cs.MS;cs.HC;cs.SC;0;1;(0.2964448, 0.0019928552);1;(0.46786213, 0.41123062);1;(0.10441665, -0.107020974);0;(0.8736465, 0.9248115)
cs.MS;cs.IR;cs.NA;0;1;(0.24048445, 0.22893378);0;(0.3030873, 0.5057564);1;(0.056647424, 0.00499095);0;(0.77791566, 0.9049885)
cs.MS;cs.IT;cs.SC;0;1;(0.15264837, 0.0019928552);0;(0.39928928, 0.41123062);1;(0.013780557, -0.107020974);0;(0.87351596, 0.9248115)
cs.MS;cs.LG;cs.NA;0;1;(0.3082685, 0.22893378);0;(0.37731197, 0.5057564);1;(0.09212552, 0.00499095);0;(0.886156, 0.9049885)
cs.MS;cs.LG;cs.SC;0;1;(0.3082685, 0.0019928552);0;(0.37731197, 0.41123062);1;(0.09212552, -0.107020974);0;(0.886156, 0.9248115)
cs.MS;cs.RO;cs.SC;0;1;(0.24001203, 0.0019928552);0;(0.3909821, 0.41123062);1;(-0.06296272, -0.107020974);0;(0.84255075, 0.9248115)
cs.MS;cs.SE;cs.CC;0;1;(0.4397088, 0.20029151);1;(0.65953887, 0.58178127);1;(0.068416744, 0.02343171);0;(0.68478644, 0.9147194)
cs.MS;cs.SE;cs.CG;0;1;(0.4397088, 0.1989156);1;(0.65953887, 0.6250619);1;(0.068416744, -0.012001809);0;(0.68478644, 0.8723627)
cs.MA;cs.CL;cs.AI;0;0;(0.20047204, 0.5513885);1;(0.22696583, 0.22222304);0;(0.031464364, 0.12769067);0;(0.7532567, 0.8978023)
cs.MA;cs.DL;cs.RO;0;0;(0.28264314, 0.48958072);1;(0.34069464, 0.3170039);0;(-0.062875815, 0.12942144);0;(0.73441625, 0.8353923)
cs.MA;cs.DM;cs.AI;0;0;(0.06534299, 0.5513885);1;(0.23868185, 0.22222304);0;(0.059864245, 0.12769067);0;(0.8388345, 0.8978023)
cs.MA;cs.DC;cs.RO;0;0;(0.37334543, 0.48958072);1;(0.3637057, 0.3170039);1;(0.19773746, 0.12942144);1;(0.84352875, 0.8353923)
cs.MA;cs.RO;cs.CC;1;1;(0.48958072, 0.31418797);1;(0.3170039, 0.31577852);1;(0.12942144, 0.053630352);0;(0.8353923, 0.8698958)
cs.MA;cs.RO;cs.CG;1;1;(0.48958072, 0.30322492);1;(0.3170039, 0.30329704);1;(0.12942144, 0.046835087);1;(0.8353923, 0.8174821)
cs.MA;cs.RO;cs.GR;1;1;(0.48958072, -0.016497057);1;(0.3170039, 0.23134455);1;(0.12942144, -0.15280397);1;(0.8353923, 0.7587115)
cs.MA;cs.RO;cs.MS;1;1;(0.48958072, 0.29680055);0;(0.3170039, 0.3525239);1;(0.12942144, -0.027298508);0;(0.8353923, 0.87714773)
cs.MA;cs.RO;cs.NI;1;1;(0.48958072, 0.20642759);1;(0.3170039, 0.30929285);1;(0.12942144, -0.011826927);1;(0.8353923, 0.78047013)
cs.MM;cs.CL;cs.CV;0;0;(0.015563264, 0.531366);1;(0.22908428, 0.17736827);0;(-0.090214, 0.004961269);0;(0.6961636, 0.8157206)
cs.MM;cs.DB;cs.GR;0;1;(0.2926222, -0.29459247);0;(0.13317208, 0.5197579);1;(0.038236827, 0.022072064);0;(0.762851, 0.8410465)
cs.MM;cs.DB;cs.LO;1;1;(0.2926222, 0.286115);0;(0.13317208, 0.24692485);0;(0.038236827, 0.11543012);1;(0.762851, 0.65745974)
cs.MM;cs.DB;cs.SE;1;0;(0.2926222, 0.5506065);0;(0.13317208, 0.2805842);0;(0.038236827, 0.077783555);1;(0.762851, 0.55681425)
cs.MM;cs.DL;cs.CL;1;1;(0.04624585, 0.015563264);1;(0.42516464, 0.22908428);1;(-0.06754598, -0.090214);1;(0.89793575, 0.6961636)
cs.MM;cs.DL;cs.GT;1;0;(0.04624585, 0.28035232);1;(0.42516464, 0.22048105);0;(-0.06754598, -0.010124441);1;(0.89793575, 0.70162046)
cs.MM;cs.DL;cs.CV;1;0;(0.04624585, 0.531366);1;(0.42516464, 0.17736827);0;(-0.06754598, 0.004961269);1;(0.89793575, 0.8157206)
cs.MM;cs.DL;cs.DM;1;0;(0.04624585, 0.28361493);1;(0.42516464, 0.24710873);0;(-0.06754598, -0.035511427);1;(0.89793575, 0.7474352)
cs.MM;cs.DL;cs.DC;1;0;(0.04624585, 0.37810886);1;(0.42516464, 0.33274582);0;(-0.06754598, -0.0070394417);1;(0.89793575, 0.7902666)
cs.MM;cs.DL;cs.HC;1;0;(0.04624585, 0.50502247);1;(0.42516464, 0.27762625);0;(-0.06754598, -0.056944236);1;(0.89793575, 0.78319395)
cs.MM;cs.DL;cs.LG;1;0;(0.04624585, 0.36630002);1;(0.42516464, 0.18169253);0;(-0.06754598, 0.06284703);1;(0.89793575, 0.7657787)
cs.MM;cs.DL;cs.NA;1;0;(0.04624585, 0.32041198);1;(0.42516464, 0.106449515);0;(-0.06754598, 0.09309134);1;(0.89793575, 0.7210593)
cs.MM;cs.DL;cs.SE;1;0;(0.04624585, 0.5506065);1;(0.42516464, 0.2805842);0;(-0.06754598, 0.077783555);1;(0.89793575, 0.55681425)
cs.MM;cs.DC;cs.SD;0;1;(0.37810886, 0.21848056);1;(0.33274582, 0.2011384);1;(-0.0070394417, -0.030185381);1;(0.7902666, 0.7192866)
cs.MM;cs.GR;cs.IR;1;0;(-0.29459247, 0.42751342);1;(0.5197579, 0.2291659);0;(0.022072064, 0.07155585);1;(0.8410465, 0.77943504)
cs.MM;cs.GR;cs.NI;1;0;(-0.29459247, -0.024663016);1;(0.5197579, 0.48105678);1;(0.022072064, -0.14470826);1;(0.8410465, 0.8028483)
cs.MM;cs.HC;cs.CR;1;1;(0.50502247, 0.36648262);1;(0.27762625, 0.12881026);1;(-0.056944236, -0.19914272);0;(0.78319395, 0.7927025)
cs.MM;cs.HC;cs.NI;1;1;(0.50502247, -0.024663016);0;(0.27762625, 0.48105678);1;(-0.056944236, -0.14470826);0;(0.78319395, 0.8028483)
cs.MM;cs.HC;cs.NA;1;1;(0.50502247, 0.32041198);1;(0.27762625, 0.106449515);0;(-0.056944236, 0.09309134);1;(0.78319395, 0.7210593)
cs.MM;cs.HC;cs.SE;1;0;(0.50502247, 0.5506065);0;(0.27762625, 0.2805842);0;(-0.056944236, 0.077783555);1;(0.78319395, 0.55681425)
cs.MM;cs.HC;cs.SD;0;1;(0.50502247, 0.21848056);1;(0.27762625, 0.2011384);0;(-0.056944236, -0.030185381);1;(0.78319395, 0.7192866)
cs.MM;cs.MA;cs.GR;0;1;(0.3219043, -0.29459247);0;(0.14979254, 0.5197579);0;(-0.14110184, 0.022072064);0;(0.7555328, 0.8410465)
cs.MM;cs.OS;cs.SD;0;0;(0.13949145, 0.21848056);0;(0.17616248, 0.2011384);1;(0.03399097, -0.030185381);1;(0.76895905, 0.7192866)
cs.MM;cs.SD;cs.NA;1;0;(0.21848056, 0.32041198);1;(0.2011384, 0.106449515);0;(-0.030185381, 0.09309134);0;(0.7192866, 0.7210593)
cs.NI;cs.CL;cs.CR;0;1;(0.21458635, 0.11956251);0;(0.29343718, 0.4521806);1;(0.04786701, 0.007961253);0;(0.70897293, 0.8779566)
cs.NI;cs.DM;cs.SY;0;0;(-0.20875755, -0.122474834);1;(0.33305678, 0.25108626);0;(-0.019444812, 0.10117238);0;(0.75242037, 0.7773318)
cs.NI;cs.DC;cs.CR;1;0;(0.10646648, 0.11956251);0;(0.4475026, 0.4521806);0;(-0.04615376, 0.007961253);0;(0.8699408, 0.8779566)
cs.NI;cs.DC;cs.FL;1;1;(0.10646648, -0.0338948);1;(0.4475026, 0.32995075);0;(-0.04615376, 0.028438553);1;(0.8699408, 0.70407426)
cs.NI;cs.DC;cs.MS;1;1;(0.10646648, 0.09092126);1;(0.4475026, 0.35648835);0;(-0.04615376, 0.058040813);1;(0.8699408, 0.7723659)
cs.NI;cs.DC;cs.NA;1;1;(0.10646648, -0.08675853);1;(0.4475026, 0.15228531);1;(-0.04615376, -0.047792997);1;(0.8699408, 0.74548036)
cs.NI;cs.DC;cs.RO;1;0;(0.10646648, 0.1074557);1;(0.4475026, 0.29908803);0;(-0.04615376, 0.07372509);1;(0.8699408, 0.7460229)
cs.NI;cs.DC;cs.SC;1;0;(0.10646648, 0.17494024);1;(0.4475026, 0.21759623);0;(-0.04615376, -0.044583127);1;(0.8699408, 0.78553766)
cs.NI;cs.AR;cs.CL;1;0;(0.090297915, 0.21458635);1;(0.6451984, 0.29343718);0;(-0.08512422, 0.04786701);1;(0.76359624, 0.70897293)
cs.NI;cs.AR;cs.CG;1;0;(0.090297915, 0.14791313);1;(0.6451984, 0.31053367);0;(-0.08512422, -0.0798078);1;(0.76359624, 0.7573099)
cs.NI;cs.AR;cs.FL;1;1;(0.090297915, -0.0338948);1;(0.6451984, 0.32995075);0;(-0.08512422, 0.028438553);1;(0.76359624, 0.70407426)
cs.NI;cs.HC;cs.CR;0;1;(0.17894743, 0.11956251);0;(0.38157636, 0.4521806);0;(-0.005643175, 0.007961253);0;(0.7829562, 0.8779566)
cs.NI;cs.OS;cs.CL;1;0;(0.06512441, 0.21458635);0;(0.29224366, 0.29343718);1;(0.059870496, 0.04786701);1;(0.8472305, 0.70897293)
cs.NI;cs.RO;cs.CR;0;0;(0.1074557, 0.11956251);0;(0.29908803, 0.4521806);1;(0.07372509, 0.007961253);0;(0.7460229, 0.8779566)
cs.NI;cs.SE;cs.CG;1;1;(0.28200573, 0.14791313);1;(0.48138952, 0.31053367);1;(-0.02104938, -0.0798078);0;(0.61762965, 0.7573099)
cs.NI;cs.SD;cs.SY;0;0;(-0.12488845, -0.122474834);0;(0.13591622, 0.25108626);0;(-0.030062824, 0.10117238);0;(0.677125, 0.7773318)
cs.NI;cs.SY;cs.SC;1;0;(-0.122474834, 0.17494024);1;(0.25108626, 0.21759623);1;(0.10117238, -0.044583127);0;(0.7773318, 0.78553766)
cs.NA;cs.CG;cs.SC;1;1;(0.4163555, 0.24051657);1;(0.41454962, 0.4057179);0;(0.016244553, 0.0308987);0;(0.90379727, 0.94249153)
cs.NA;cs.DB;cs.CC;0;1;(0.3944435, 0.33849373);0;(0.34325808, 0.3919378);1;(0.08768474, 0.045571946);0;(0.8121128, 0.8935492)
cs.NA;cs.DL;cs.MS;0;0;(0.111986056, 0.22893378);0;(0.11662535, 0.5057564);1;(0.051132485, 0.00499095);0;(0.7091326, 0.9049885)
cs.NA;cs.DM;cs.OS;1;0;(0.06667037, 0.35167176);1;(0.42885658, 0.20950946);1;(0.08514814, 0.017853282);1;(0.92240417, 0.791935)
cs.NA;cs.DC;cs.MS;0;1;(0.28385532, 0.22893378);0;(0.2920587, 0.5057564);1;(0.09805511, 0.00499095);0;(0.80475384, 0.9049885)
cs.NA;cs.FL;cs.SC;0;1;(0.3766395, 0.24051657);0;(0.30519465, 0.4057179);1;(0.060194515, 0.0308987);0;(0.85398406, 0.94249153)
cs.NA;cs.AR;cs.MS;0;1;(0.3859489, 0.22893378);0;(0.16291904, 0.5057564);0;(-0.07016349, 0.00499095);0;(0.7682735, 0.9049885)
cs.NA;cs.HC;cs.GT;0;1;(0.3227103, 0.28046864);0;(0.29411164, 0.33873054);0;(-0.09466715, -0.057490923);0;(0.8735904, 0.8784031)
cs.NA;cs.MA;cs.DM;0;1;(0.33049285, 0.06667037);0;(0.20414184, 0.42885658);0;(-0.0008031614, 0.08514814);0;(0.83437866, 0.92240417)
cs.NA;cs.SE;cs.MS;0;1;(0.4525493, 0.22893378);0;(0.27999663, 0.5057564);1;(0.025842648, 0.00499095);0;(0.649144, 0.9049885)
cs.OS;cs.CG;cs.NI;0;1;(0.29055482, 0.06512441);0;(0.2652972, 0.29224366);1;(0.07960331, 0.059870496);0;(0.7743629, 0.8472305)
cs.OS;cs.CR;cs.IR;1;1;(0.45014936, 0.35704285);1;(0.28817204, 0.2471503);1;(0.25620145, 0.15442729);1;(0.8789714, 0.7785954)
cs.OS;cs.CR;cs.SC;1;1;(0.45014936, 0.12092455);1;(0.28817204, 0.19483787);1;(0.25620145, 0.0660205);1;(0.8789714, 0.81617856)
cs.OS;cs.DB;cs.SY;0;1;(0.5770996, -0.31176174);0;(0.33802482, 0.66976637);1;(0.17883928, -0.0037583);1;(0.8343757, 0.8309087)
cs.OS;cs.DC;cs.IR;1;0;(0.34158152, 0.35704285);1;(0.3825475, 0.2471503);0;(-0.014603989, 0.15442729);1;(0.8730563, 0.7785954)
cs.OS;cs.DC;cs.NA;1;0;(0.34158152, 0.35167176);1;(0.3825475, 0.20950946);0;(-0.014603989, 0.017853282);1;(0.8730563, 0.791935)
cs.OS;cs.FL;cs.SE;0;1;(0.37713683, 0.35912886);0;(0.21823558, 0.47360605);0;(0.05397785, 0.09429222);1;(0.7142616, 0.67515844)
cs.OS;cs.AR;cs.CL;1;1;(0.41724217, 0.35097176);1;(0.4657658, 0.24282278);1;(0.017768152, -0.100592114);1;(0.7548624, 0.6908008)
cs.OS;cs.AR;cs.CG;1;1;(0.41724217, 0.29055482);1;(0.4657658, 0.2652972);0;(0.017768152, 0.07960331);0;(0.7548624, 0.7743629)
cs.OS;cs.AR;cs.CR;1;0;(0.41724217, 0.45014936);1;(0.4657658, 0.28817204);0;(0.017768152, 0.25620145);0;(0.7548624, 0.8789714)
cs.OS;cs.AR;cs.IT;1;1;(0.41724217, 0.3350305);1;(0.4657658, 0.18201753);0;(0.017768152, 0.1035226);0;(0.7548624, 0.8046758)
cs.OS;cs.AR;cs.LO;1;1;(0.41724217, 0.28731716);1;(0.4657658, 0.3020401);0;(0.017768152, 0.07768923);1;(0.7548624, 0.690573)
cs.OS;cs.AR;cs.RO;1;1;(0.41724217, 0.31070602);1;(0.4657658, 0.24515477);0;(0.017768152, 0.096386984);0;(0.7548624, 0.77315384)
cs.OS;cs.HC;cs.CV;1;1;(0.3531661, 0.27237827);0;(0.27975693, 0.28719166);0;(-0.0131712565, 0.12582383);1;(0.8173436, 0.796349)
cs.OS;cs.LG;cs.SY;0;1;(0.39580774, -0.31176174);0;(0.28667277, 0.66976637);1;(0.2557378, -0.0037583);0;(0.81961894, 0.8309087)
cs.OS;cs.MS;cs.NI;0;1;(0.3122538, 0.06512441);1;(0.31756303, 0.29224366);1;(0.10805504, 0.059870496);0;(0.8361234, 0.8472305)
cs.OS;cs.PL;cs.CL;1;1;(0.50968385, 0.35097176);1;(0.26117656, 0.24282278);1;(0.1520398, -0.100592114);1;(0.83386856, 0.6908008)
cs.OS;cs.SE;cs.NI;0;1;(0.35912886, 0.06512441);1;(0.47360605, 0.29224366);1;(0.09429222, 0.059870496);0;(0.67515844, 0.8472305)
cs.OS;cs.SY;cs.SC;1;0;(-0.31176174, 0.12092455);1;(0.66976637, 0.19483787);0;(-0.0037583, 0.0660205);1;(0.8309087, 0.81617856)
cs.PL;cs.CL;cs.GR;1;1;(0.33857828, 0.070013225);1;(0.5061445, 0.30315655);1;(-0.005013901, -0.050213132);1;(0.78573936, 0.7854995)
cs.PL;cs.CL;cs.NI;1;1;(0.33857828, 0.12233153);1;(0.5061445, 0.33962336);0;(-0.005013901, 0.0027877383);0;(0.78573936, 0.79194665)
cs.PL;cs.CG;cs.MS;0;0;(0.2854975, 0.41461676);0;(0.2622341, 0.3351735);1;(0.084980614, 0.0330794);0;(0.8032761, 0.8644545)
cs.PL;cs.DM;cs.OS;0;0;(-0.04498843, 0.50968385);1;(0.36196104, 0.26117656);0;(0.021943249, 0.1520398);1;(0.8910469, 0.83386856)
cs.PL;cs.RO;cs.LO;0;0;(0.40114617, 0.47996396);0;(0.17637965, 0.30276772);1;(0.14320666, 0.11329754);0;(0.79580003, 0.81691164)
cs.RO;cs.AI;cs.SC;1;1;(0.84903526, 0.5746131);1;(0.19320129, 0.1651665);1;(0.4018371, 0.026939832);1;(0.9042443, 0.83659375)
cs.RO;cs.CL;cs.CR;1;0;(0.13276023, 0.46958447);0;(0.1930177, 0.22004244);0;(0.0130601525, 0.17367314);0;(0.77017856, 0.80437267)
cs.RO;cs.CL;cs.FL;0;0;(0.13276023, 0.2956977);0;(0.1930177, 0.29000914);0;(0.0130601525, 0.024889074);1;(0.77017856, 0.7576115)
cs.RO;cs.CL;cs.GR;1;1;(0.13276023, -0.113832675);0;(0.1930177, 0.23722619);1;(0.0130601525, -0.17701384);0;(0.77017856, 0.80776626)
cs.RO;cs.CV;cs.AI;0;1;(0.8514369, 0.84903526);1;(0.27212876, 0.19320129);0;(0.2681932, 0.4018371);0;(0.8509776, 0.9042443)
cs.RO;cs.CV;cs.IR;1;1;(0.8514369, 0.58796036);1;(0.27212876, 0.1730657);0;(0.2681932, 0.4013626);1;(0.8509776, 0.7306309)
cs.RO;cs.CV;cs.SC;1;1;(0.8514369, 0.5746131);1;(0.27212876, 0.1651665);1;(0.2681932, 0.026939832);1;(0.8509776, 0.83659375)
cs.RO;cs.DB;cs.HC;0;0;(0.55716807, 0.72865856);0;(0.13039622, 0.33771768);1;(0.40647063, 0.1618797);0;(0.74431914, 0.87519693)
cs.RO;cs.DB;cs.MA;0;1;(0.55716807, 0.48958072);0;(0.13039622, 0.3170039);1;(0.40647063, 0.12942144);0;(0.74431914, 0.8353923)
cs.RO;cs.DM;cs.AI;0;0;(0.21270949, 0.84903526);1;(0.3287468, 0.19320129);0;(-0.01605933, 0.4018371);0;(0.8383058, 0.9042443)
cs.RO;cs.AR;cs.DL;1;1;(0.38108712, 0.17957768);1;(0.30248615, 0.21479726);0;(0.03162895, 0.29856426);1;(0.7525629, 0.70751864)
cs.RO;cs.AR;cs.MS;1;1;(0.38108712, 0.24001203);0;(0.30248615, 0.3909821);1;(0.03162895, -0.06296272);0;(0.7525629, 0.84255075)
cs.RO;cs.HC;cs.GT;1;1;(0.72865856, 0.48925787);0;(0.33771768, 0.43919876);0;(0.1618797, 0.20385718);1;(0.87519693, 0.8144194)
cs.RO;cs.HC;cs.NA;1;1;(0.72865856, 0.4176376);1;(0.33771768, 0.120316654);1;(0.1618797, -0.0060170637);1;(0.87519693, 0.8310814)
cs.RO;cs.HC;cs.SC;1;1;(0.72865856, 0.5746131);1;(0.33771768, 0.1651665);1;(0.1618797, 0.026939832);1;(0.87519693, 0.83659375)
cs.RO;cs.LG;cs.GT;1;1;(0.58161074, 0.48925787);0;(0.33032328, 0.43919876);1;(0.34907, 0.20385718);1;(0.84887946, 0.8144194)
cs.RO;cs.LG;cs.IR;1;0;(0.58161074, 0.58796036);1;(0.33032328, 0.1730657);0;(0.34907, 0.4013626);1;(0.84887946, 0.7306309)
cs.RO;cs.LG;cs.MS;1;1;(0.58161074, 0.24001203);0;(0.33032328, 0.3909821);1;(0.34907, -0.06296272);1;(0.84887946, 0.84255075)
cs.RO;cs.MS;cs.CV;0;0;(0.24001203, 0.8514369);1;(0.3909821, 0.27212876);0;(-0.06296272, 0.2681932);0;(0.84255075, 0.8509776)
cs.RO;cs.MA;cs.GR;1;1;(0.48958072, -0.113832675);1;(0.3170039, 0.23722619);1;(0.12942144, -0.17701384);1;(0.8353923, 0.80776626)
cs.RO;cs.PL;cs.LG;0;0;(0.40114617, 0.58161074);0;(0.17637965, 0.33032328);0;(0.14320666, 0.34907);0;(0.79580003, 0.84887946)
cs.RO;cs.PL;cs.OS;0;1;(0.40114617, 0.31070602);0;(0.17637965, 0.24515477);1;(0.14320666, 0.096386984);1;(0.79580003, 0.77315384)
cs.RO;cs.SE;cs.AI;0;0;(0.6519757, 0.84903526);1;(0.47913346, 0.19320129);0;(-0.02672327, 0.4018371);0;(0.70310616, 0.9042443)
cs.RO;cs.SE;cs.SY;0;1;(0.6519757, -0.010488741);1;(0.47913346, 0.2585843);1;(-0.02672327, -0.058294922);0;(0.70310616, 0.7571355)
cs.SE;cs.CL;cs.SY;0;1;(0.20031539, 0.023011457);0;(0.3093746, 0.37963468);1;(0.059272338, 0.03441196);1;(0.6498594, 0.55438584)
cs.SE;cs.DB;cs.PL;0;0;(0.5202127, 0.5463256);1;(0.34671953, 0.3236425);0;(0.2985072, 0.4180721);1;(0.6168769, 0.5626085)
cs.SE;cs.DL;cs.DC;0;0;(0.26063824, 0.48135138);0;(0.32890546, 0.3904957);0;(-0.21786295, 0.087377995);0;(0.5274959, 0.655371)
cs.SE;cs.DL;cs.PL;0;0;(0.26063824, 0.5463256);1;(0.32890546, 0.3236425);0;(-0.21786295, 0.4180721);0;(0.5274959, 0.5626085)
cs.SE;cs.DM;cs.CR;0;0;(0.13080758, 0.4967701);0;(0.40079513, 0.41404244);0;(-0.12543291, -0.03959801);0;(0.63032335, 0.6628491)
cs.SE;cs.DM;cs.NI;0;0;(0.13080758, 0.28200573);0;(0.40079513, 0.48138952);0;(-0.12543291, -0.02104938);1;(0.63032335, 0.61762965)
cs.SE;cs.OS;cs.CL;1;1;(0.35912886, 0.20031539);1;(0.47360605, 0.3093746);1;(0.09429222, 0.059272338);1;(0.67515844, 0.6498594)
cs.SE;cs.OS;cs.GR;1;1;(0.35912886, -0.05628749);1;(0.47360605, 0.3299714);1;(0.09429222, -0.02920377);0;(0.67515844, 0.7149105)
cs.SE;cs.OS;cs.MS;1;0;(0.35912886, 0.4397088);0;(0.47360605, 0.65953887);1;(0.09429222, 0.068416744);0;(0.67515844, 0.68478644)
cs.SE;cs.PL;cs.CL;1;1;(0.5463256, 0.20031539);1;(0.3236425, 0.3093746);1;(0.4180721, 0.059272338);0;(0.5626085, 0.6498594)
cs.SE;cs.PL;cs.SD;1;1;(0.5463256, 0.12419741);1;(0.3236425, 0.14775768);1;(0.4180721, 0.03914556);0;(0.5626085, 0.7067762)
cs.SD;cs.DB;cs.DL;0;0;(0.115175456, 0.128396);0;(0.0127967745, 0.15487222);1;(0.020830048, -0.012267321);0;(0.6518474, 0.66999185)
cs.SD;cs.DL;cs.CG;1;0;(0.128396, 0.20946321);1;(0.15487222, 0.13798401);0;(-0.012267321, 0.07398553);0;(0.66999185, 0.78544325)
cs.SD;cs.DL;cs.GT;1;1;(0.128396, 0.09777581);0;(0.15487222, 0.24957126);0;(-0.012267321, 0.07902823);0;(0.66999185, 0.73272455)
cs.SD;cs.DM;cs.HC;0;1;(0.2362415, 0.058473483);1;(0.20709668, 0.16927607);0;(0.02447157, 0.025437217);0;(0.7484156, 0.78255826)
cs.SD;cs.HC;cs.CC;1;1;(0.058473483, 0.041250836);1;(0.16927607, 0.1275549);1;(0.025437217, 0.01330453);1;(0.78255826, 0.76030374)
cs.SD;cs.MM;cs.CR;1;1;(0.21848056, 0.07476294);1;(0.2011384, 0.11267182);0;(-0.030185381, 0.031082809);1;(0.7192866, 0.69898355)
cs.SD;cs.MM;cs.GR;1;1;(0.21848056, -0.012705634);0;(0.2011384, 0.31312037);0;(-0.030185381, -0.021101087);0;(0.7192866, 0.78353375)
cs.SD;cs.MM;cs.MS;1;1;(0.21848056, -0.11129768);0;(0.2011384, 0.20491785);0;(-0.030185381, -0.026923537);0;(0.7192866, 0.74046105)
cs.SD;cs.MM;cs.NA;1;1;(0.21848056, 0.12315086);1;(0.2011384, 0.15128137);1;(-0.030185381, -0.062189884);0;(0.7192866, 0.7797383)
cs.SD;cs.MM;cs.SY;1;1;(0.21848056, 0.07775648);1;(0.2011384, 0.19494912);0;(-0.030185381, -0.017206207);1;(0.7192866, 0.6350256)
cs.SD;cs.PL;cs.HC;0;0;(0.055593874, 0.058473483);0;(0.16674602, 0.16927607);0;(0.018842928, 0.025437217);0;(0.69291896, 0.78255826)
cs.SD;cs.PL;cs.MM;0;0;(0.055593874, 0.21848056);0;(0.16674602, 0.2011384);1;(0.018842928, -0.030185381);0;(0.69291896, 0.7192866)
cs.SC;cs.CL;cs.CR;1;0;(-0.05009733, 0.27092043);1;(0.68974936, 0.2715861);0;(-0.029975433, 0.014779607);1;(0.808285, 0.7893427)
cs.SC;cs.CL;cs.SE;1;0;(-0.05009733, 0.44926414);1;(0.68974936, 0.21959293);0;(-0.029975433, 0.0038946585);1;(0.808285, 0.7002029)
cs.SC;cs.CR;cs.SY;1;1;(0.27092043, 0.046338037);1;(0.2715861, 0.18345402);0;(0.014779607, 0.085598074);0;(0.7893427, 0.79800487)
cs.SC;cs.DL;cs.CL;0;1;(0.055923223, -0.05009733);0;(0.19230363, 0.68974936);1;(0.12726216, -0.029975433);0;(0.73685133, 0.808285)
cs.SC;cs.DL;cs.RO;0;0;(0.055923223, 0.5746131);1;(0.19230363, 0.1651665);1;(0.12726216, 0.026939832);0;(0.73685133, 0.83659375)
cs.SC;cs.DM;cs.CL;0;1;(0.08172627, -0.05009733);0;(0.4608842, 0.68974936);1;(0.008354854, -0.029975433);1;(0.9286191, 0.808285)
cs.SC;cs.DM;cs.LO;0;0;(0.08172627, 0.32336903);1;(0.4608842, 0.37311563);0;(0.008354854, 0.039179094);1;(0.9286191, 0.8517346)
cs.SC;cs.AR;cs.CL;0;1;(0.2424566, -0.05009733);0;(0.29798877, 0.68974936);0;(-0.06314047, -0.029975433);1;(0.8239903, 0.808285)
cs.SC;cs.HC;cs.CL;0;1;(0.4701973, -0.05009733);0;(0.28472343, 0.68974936);1;(0.0785684, -0.029975433);1;(0.87070936, 0.808285)
cs.SC;cs.MA;cs.CL;0;1;(0.40297294, -0.05009733);0;(0.18583211, 0.68974936);0;(-0.082216695, -0.029975433);1;(0.84410936, 0.808285)
cs.SC;cs.MA;cs.FL;0;1;(0.40297294, 0.13700639);0;(0.18583211, 0.34611923);0;(-0.082216695, 0.018204514);0;(0.84410936, 0.8809631)
cs.SC;cs.MA;cs.LO;0;1;(0.40297294, 0.32336903);0;(0.18583211, 0.37311563);0;(-0.082216695, 0.039179094);0;(0.84410936, 0.8517346)
cs.SC;cs.MM;cs.LO;0;1;(0.3594169, 0.32336903);0;(0.16917047, 0.37311563);0;(0.016690336, 0.039179094);0;(0.75041884, 0.8517346)
cs.SC;cs.OS;cs.LO;0;0;(0.12092455, 0.32336903);0;(0.19483787, 0.37311563);1;(0.0660205, 0.039179094);0;(0.81617856, 0.8517346)
cs.SY;cs.CG;cs.CR;0;1;(0.009900976, -0.04251163);0;(0.25137565, 0.31571406);0;(-0.078828424, -0.025536817);0;(0.76614213, 0.76939243)
cs.SY;cs.CR;cs.LO;1;1;(-0.04251163, -0.05605429);0;(0.31571406, 0.33457753);1;(-0.025536817, -0.03225135);1;(0.76939243, 0.71156955)
cs.SY;cs.CR;cs.NA;1;0;(-0.04251163, -0.027862541);1;(0.31571406, 0.2479075);0;(-0.025536817, 0.03483508);0;(0.76939243, 0.79252464)
cs.SY;cs.DL;cs.NI;0;0;(-0.15563157, -0.122474834);0;(0.24423563, 0.25108626);0;(-0.046343945, 0.10117238);0;(0.70438915, 0.7773318)
cs.SY;cs.DL;cs.RO;0;0;(-0.15563157, -0.010488741);0;(0.24423563, 0.2585843);1;(-0.046343945, -0.058294922);0;(0.70438915, 0.7571355)
cs.SY;cs.DM;cs.HC;0;0;(0.022373265, 0.07230902);0;(0.18905172, 0.31525367);0;(0.00040950533, 0.019506134);0;(0.77774537, 0.7851377)
cs.SY;cs.DM;cs.OS;0;1;(0.022373265, -0.31176174);0;(0.18905172, 0.66976637);1;(0.00040950533, -0.0037583);0;(0.77774537, 0.8309087)
cs.SY;cs.DC;cs.GT;1;1;(-0.06822135, -0.107118964);1;(0.30094993, 0.27819246);1;(-0.019245941, -0.030608209);1;(0.8210704, 0.72966444)
cs.SY;cs.DC;cs.MS;1;1;(-0.06822135, -0.23783475);1;(0.30094993, 0.28373605);1;(-0.019245941, -0.02228344);1;(0.8210704, 0.7908093)
cs.SY;cs.AR;cs.AI;1;0;(-0.11944245, -0.00838431);1;(0.3625279, 0.23812471);0;(-0.0029909797, 0.02231168);0;(0.71483576, 0.7985961)
cs.SY;cs.AR;cs.CC;1;0;(-0.11944245, 0.009010065);1;(0.3625279, 0.29229936);0;(-0.0029909797, 0.044487797);0;(0.71483576, 0.7854487)
cs.SY;cs.AR;cs.GT;1;0;(-0.11944245, -0.107118964);1;(0.3625279, 0.27819246);1;(-0.0029909797, -0.030608209);0;(0.71483576, 0.72966444)
cs.SY;cs.AR;cs.DL;1;1;(-0.11944245, -0.15563157);1;(0.3625279, 0.24423563);1;(-0.0029909797, -0.046343945);1;(0.71483576, 0.70438915)
cs.SY;cs.AR;cs.GR;1;0;(-0.11944245, -0.029864445);1;(0.3625279, 0.19240068);0;(-0.0029909797, 0.08782296);0;(0.71483576, 0.7334276)
cs.SY;cs.AR;cs.HC;1;0;(-0.11944245, 0.07230902);1;(0.3625279, 0.31525367);0;(-0.0029909797, 0.019506134);0;(0.71483576, 0.7851377)
cs.SY;cs.AR;cs.IR;1;0;(-0.11944245, -0.062042303);1;(0.3625279, 0.2989565);1;(-0.0029909797, -0.029562533);0;(0.71483576, 0.72804904)
cs.SY;cs.AR;cs.MS;1;1;(-0.11944245, -0.23783475);1;(0.3625279, 0.28373605);1;(-0.0029909797, -0.02228344);0;(0.71483576, 0.7908093)
cs.SY;cs.AR;cs.SC;1;0;(-0.11944245, 0.046338037);1;(0.3625279, 0.18345402);0;(-0.0029909797, 0.085598074);0;(0.71483576, 0.79800487)
cs.SY;cs.HC;cs.CR;0;1;(0.07230902, -0.04251163);0;(0.31525367, 0.31571406);1;(0.019506134, -0.025536817);1;(0.7851377, 0.76939243)
cs.SY;cs.HC;cs.IT;1;1;(0.07230902, -0.1099653);1;(0.31525367, 0.2644719);0;(0.019506134, 0.06494696);0;(0.7851377, 0.7896666)
cs.SY;cs.IR;cs.NI;0;1;(-0.062042303, -0.122474834);1;(0.2989565, 0.25108626);0;(-0.029562533, 0.10117238);0;(0.72804904, 0.7773318)
cs.SY;cs.IT;cs.NI;0;1;(-0.1099653, -0.122474834);1;(0.2644719, 0.25108626);0;(0.06494696, 0.10117238);1;(0.7896666, 0.7773318)
cs.SY;cs.MA;cs.IR;1;0;(-0.10455531, -0.062042303);1;(0.7625508, 0.2989565);1;(0.086267374, -0.029562533);1;(0.8183889, 0.72804904)
cs.SY;cs.MA;cs.SC;1;0;(-0.10455531, 0.046338037);1;(0.7625508, 0.18345402);1;(0.086267374, 0.085598074);1;(0.8183889, 0.79800487)
cs.SY;cs.MM;cs.CR;0;0;(-0.046129562, -0.04251163);0;(0.15272251, 0.31571406);1;(0.001246063, -0.025536817);0;(0.70169175, 0.76939243)
cs.SY;cs.OS;cs.AI;1;0;(-0.31176174, -0.00838431);1;(0.66976637, 0.23812471);0;(-0.0037583, 0.02231168);1;(0.8309087, 0.7985961)
cs.SY;cs.OS;cs.CG;1;0;(-0.31176174, 0.009900976);1;(0.66976637, 0.25137565);1;(-0.0037583, -0.078828424);1;(0.8309087, 0.76614213)
cs.SY;cs.OS;cs.CR;1;0;(-0.31176174, -0.04251163);1;(0.66976637, 0.31571406);1;(-0.0037583, -0.025536817);1;(0.8309087, 0.76939243)
cs.SY;cs.SD;cs.NI;0;1;(0.07775648, -0.122474834);0;(0.19494912, 0.25108626);0;(-0.017206207, 0.10117238);0;(0.6350256, 0.7773318)
